"TITEL";"DATIERUNG";"GATTUNG";"MATERIAL";"KUENSTLER";"STANDORT";"Easting";"Northing";"Easting_WGS";"Northing_WGS";"ID_IMAGES"
[Liegende weibliche Figur];1935 (platziert 1937);Freiplastik;Bronze (Plastik), Stein (Sockel);Franz Fischer (1900-1980);Friedhof Enzenbühl, Teichanlage (bei Forchstrasse 386);2686317.804;1244857.75;8.58101201620465;47.3489216231041;kir3009
[Steinvase auf Sockel];1937;Freiplastik;Stein;Luigi Zanini (1896-1968);Friedhof Enzenbühl, Feld H (bei Forchstrasse 384);2686354.881;1244781.803;8.58148801000993;47.3482337477004;kir4368
"Alfred-Escher-Brunnen";1884-1889;;Bronze, Stein;Richard Kissling (1848-1919);Bahnhofplatz (bei Bahnhofplatz 15);2683171.766;1247948.854;8.53995497493915;47.3771255842959;kir2827
Augustin-Pyrame-de-Candolle-Denkmal;nicht bekannt;Freiplastik;Bronze (Büste), Stein (Sockel);Jakob Keller (1859-1911);Alter Botanischer Garten "Zur Katz" (bei Pelikanstrasse 40);2682785.119;1247207.068;8.53469861757126;47.3705031129993;kir2979
"Basiliskenbrunnen";1884 (platziert 1983);Brunnen;Gusseisen, lackiert;Wilhelm Bubeck (1850-1891);Sihlporte (bei Talstrasse 82);2682762.947;1247410.98;8.53444279746772;47.3723397575452;kir2819
"Berlinerbrunnen";1987;Brunnen;Keramik;KünstlerIn nicht bekannt;Bahnhofbrücke (bei Bahnhofbrücke 1);2683339.115;1247952.823;8.54217139577207;47.3771401335852;kir2941
[Brunnen];1982;Brunnen;Carrara-Marmor;Demetrios Yannakopoulos;Bärenplatz (bei Basteigasse 32);2682891.145;1247058.049;8.5360746256107;47.3691495991345;kir3811
[Brunnenanlage mit Reliefs und Putten];1914 (erneuert 1973);Brunnen;Andeer-Granit;Johann Jakob Wilhelm Schwerzmann (1877-1966);Vorplatz St. Annahof (bei St. Annagasse 11);2682946.746;1247483.519;8.53688950025279;47.3729690183289;kir3586
Brunnenwibli;1986;Brunnen;Marmor;Peter Meister (1934-1999);Lintheschergasse/Uraniastrasse (bei Lintheschergasse 1);2683027.29;1247690.608;8.53799422315286;47.374821303794;kir3820
Conrad-Gessner-Denkmal;1853;Freiplastik;Bronze (Büste), Stein (Sockel);Georg Hoerbst;Alter Botanischer Garten "Zur Katz" (bei Pelikanstrasse 40);2682710.565;1247289.973;8.5337269694708;47.3712580716038;kir2804
"Die Zeit";1962;Freiplastik;Bronze (Plastik), Beton (Stele);Franz Fischer (1900-1980);Dreikönigsbrücke (bei Dreikönigstrasse 7);2683068.323;1246867.099;8.53838466421757;47.3674100016495;kir3731
[Flora];1886 (versetzt 1933);Brunnen;Gusseisen (Plastik), Granit (Brunnentrog und Sockel);KünstlerIn nicht bekannt, Emil Schäfer (1878-1958);Walchebrücke (bei Platzpromenade 1);2683291.565;1248124.105;8.54157371518644;47.3786865463972;kir2822
Hadlaub-Denkmal;1884 (Figur entfernt 1990);Freiplastik;Kalkstein;Viktor von Meyenburg (1834-1893);Platzspitz (bei Platzpromenade 5);2683129.429;1248275.364;8.53945508557497;47.3800673488095;kir4362
Heinrich-Zollinger-Denkmal;1862;Freiplastik;Stein;KünstlerIn nicht bekannt;Alter Botanischer Garten "Zur Katz" (bei Pelikanstrasse 40);2682764.283;1247197.807;8.53442107309892;47.3704224424094;kir2977
[Hirsch];1912 (versetzt 1949);Freiplastik;Bronze (Plastik), Granit (Sockel);Franz Wanger (1880-1945);Platzspitz (bei Platzpromenade 5);2683218.331;1248284.634;8.54063392712668;47.3801394943973;kir3585
Oswald-Heer-Denkmal;nicht bekannt;Freiplastik;Marmor (Büste), Sandstein (Monument);Baptist Hoerbst (1850-1927);Alter Botanischer Garten "Zur Katz" (bei Pelikanstrasse 40);2682802.55;1247235.94;8.53493471379884;47.370760580112;kir3894
Pavillon-Skulptur;1979-1983;Freiplastik;Schwarzwald-Granit;Max Bill (1908-1994);Platzanlage Pelikanstrasse/Bahnhofstrasse (bei Bahnhofstrasse 47 und Pelikanstrasse 2);2683039.643;1247411.103;8.53810591747677;47.3723060537982;kir3800
Pestalozzi-Denkmal;1898-1899;Freiplastik;Bronze (Plastik), Stein (Sockel);Karl Peter Hugo Siegwart (1865-1938);Pestalozzianlage (bei Schweizergasse 4);2683081.113;1247778.617;8.5387231389284;47.375606017227;kir3550
"Rebekka-Brunnen";1880 (versetzt 1909);Brunnen;Marmor;Heinrich  Gerhardt (1828-1915);Guggenheim-Anlage (bei Bahnhofstrasse 1);2683191.493;1246825.094;8.54000731950742;47.3670166974844;kir2817
Salomon-Gessner-Denkmal;1791-1793/ca. 1818 (versetzt und erneuert 1930);Freiplastik;Stein, Bronze;Alexander Trippel (1744-1793), Joseph Anton Maria Christen (1767-1838);Platzspitz (bei Platzpromenade 5);2683135.815;1248369.136;8.53955706057364;47.3809098678432;kir2801
"Springbrunnen Linthescherhof";1879;Brunnen;Stahl, Stein;Baur;Linthescherhof (bei Löwenstrasse 56);2683049.044;1247862.624;8.53831414817011;47.3763655658108;kir4409
Wilhelm-Baumgartner-Denkmal;1891;Freiplastik;Bronze, Stein;Jakob August Heer (1867-1922);Platzspitz (bei Platzpromenade 5);2683168.309;1248347.473;8.53998328215052;47.3807109438904;kir2829
Wirbel;1954 (platziert 1955);Brunnen;Castione-Granit;Robert Lienhard (1919-1989);Platzspitz (zwischen Mattensteg/Drahtschmidlisteg);2683085.711;1248511.599;8.53892009274652;47.3821974080746;kir3694
["Zwei Mädchen" Brunnen mit Steinplastik];1945 (platziert 1946);Brunnen;Guntliweider Hardsandstein;Alfred Huber (1908-1982 );Sihlstrasse/Gessnerallee (bei Gessnerallee 1);2682681.176;1247496.93;8.53337612948659;47.3731230040107;kir3675
[Brunnen mit drei Knaben (auf Fischen sitzend)];1938 (platziert 1939);Brunnen;Weissmetall, verchromt  Stein;Otto Münch (1885-1965);Bellevue (bei Bellevueplatz 2);2683606.372;1246801.221;8.54549476693909;47.3667494959775;kir3662
[Brunnen mit Möve];1938;Brunnen;Weissmetall, verchromt;Otto Münch (1885-1965);Bellevue (bei Bellevueplatz 1);2683547.734;1246831.663;8.5447242385063;47.3670307089448;kir3654
David;1921 (platziert 1931);Freiplastik;Bronze (Plastik), Stein (Sockel);Ivar Johnsson (1885-1970);Schiffländeplatz bei Utoqai (bei Bellevue);2683609.381;1246615.09;8.54549984168351;47.3650751666398;kir3611
[Figur];1978;Freiplastik;Bronze;Franz Purtschert (1925-1981);Sempersteig (bei Sempersteig/Künstlergasse);2683760.816;1247647.479;8.54769752369164;47.3743405943508;kir2882
[Fontäne Stadelhofen];1869 (platziert 1870);Brunnen;Gusseisen;Preiswerk & Fenner, Basel;Stadelhoferplatz (bei-Gottfried-Keller-Strasse 7);2683771.396;1246732.254;8.54766633478218;47.3661082934024;kir2813
Hans-Georg-Nägeli-Denkmal;1840/1944;Freiplastik;Marmor, Stein;Johann Jakob Oechslin (1802-1873), KünstlerIn nicht bekannt;Parkanlage Hohe Promenade (bei Promenadengasse 7);2683826.505;1246967.575;8.54843987779451;47.3682176163107;kir2803
Ignaz-Heim-Denkmal;1883;Freiplastik;Stein;Baptist Hoerbst (1850-1927);Heimplatz (bei Heimplatz 6);2683845.317;1247225.132;8.54873714039397;47.3705315284223;kir2818
Large Reclining Figure;1957;Freiplastik;Bronze (Plastik), Stein (Sockel);Henry Moore (1898-1986);Vorplatz Kunsthaus (bei Heimplatz 1);2683790.773;1247224.432;8.5480149431643;47.3705321707244;kir3718
Le chant des voyelles;1931-1932 (platziert 1948);Freiplastik;Bronze (Plastik), Stein (Sockel);Jacques Lipchitz (1891-1973);Vorplatz Kunsthaus (bei Heimplatz 1);2683791.473;1247218.752;8.54802314680432;47.3704809993894;kir3607
"Manessebrunnen";1929 (platziert 1930);Brunnen;Granit;Arnold Hünerwadel (1877-1945), Johann Rigendinger (1893-1945);Oberer Hirschengraben (bei Hirschengraben 7);2683696.545;1247266.604;8.54677541503096;47.3709234136576;kir2859
[Männlicher Akt];1944 (platziert 1945);Bauplastik;Stein;Ernst Suter (1904-1987);Stützmauer Hirschengraben (vis-à-vis Seilergraben 33);2683632.931;1247687.303;8.54601187136031;47.3747149897117;kir3699
[Brunnentrog mit Relief "Möve"];1939;Brunnen;Collombey-Marmor;Luigi Zanini (1896-1968), Emil Schäfer (1878-1958);Schifflände (bei Utoquai 4a);2683589.827;1246671.161;8.54525147512023;47.3655819152093;kir4202
"Die Schreitende";1942 (platziert 1946);Freiplastik;Bronze;Otto Charles Bänninger (1897-1973);Sechseläutenplatz (bei Schillerstrasse);2683710.448;1246650.399;8.54684425454634;47.3653798845115;kir3672
Meilenstein Berlin/Zürich;1959;;Castione-Granit;Otto Münch (1885-1965);Bahnhofbrücke/Limmatquai (bei Bahnhofbrücke 1);2683418.889;1247900.821;8.54321790235971;47.3766623661823;kir4338
"Amazonenbrunnen" (auch bekannt als "Dianabrunnen", "Schellenbrunnen");um 1430 (Brunnenfigur um 1577, erneuert 1748 und 1917);Brunnen;Stein;KünstlerIn nicht bekannt, Friedrich Schäfer (1709-1786), Hermann Baldin (1877-1953), Hans Gisler (1889-1969);Rennweg/Strehlgasse (bei Rennweg 2);2683209.348;1247415.453;8.54035339844883;47.3723237676066;kir3861
"Augustinerbrunnen" (auch bekannt als "Hygieia-Brunnen", "Temperentiabrunnen");1577 (erneuert 1761/1915/1950/1992);Brunnen;Stein;KünstlerIn nicht bekannt, Hermann Baldin (1877-1953), Walter Scheuermann  (1891-1971), Hans Gisler (1889-1969), Johannes Wyl;Münzplatz (bei Münzplatz 1);2683145.312;1247385.637;8.53950010716347;47.3720637040236;kir3863
[Brunnen mit "wasserspeiendem Schwan"] (fünfteiliges Werk);1933;Brunnen;Bronze (Wasserspeier), Stein (Trog);Emil Schäfer (1878-1958);Stadthausanlage/Bürkliplatz (Anfang Bahnhofstrasse);2683236.692;1246788.165;8.5405987705078;47.366678873396;kir4347
[Brunnenfigur "Die tapferen Zürcherinnen von 1292"] (auch bekannt als "Lindenhofbrunnen");1912;Brunnen;Bronze (Plastik), Eisen, Stein (Säule, Trog);Gustav Siber (1864-1927);Lindenhof (bei Lindenhof 4);2683274.336;1247482.922;8.54122630592627;47.3729223320095;kir3581
[Brunnenplastik];1974;Brunnen;Stahl;Charlotte Germann-Jahn (1921-1988);St. Peterhofstatt (bei St. Peterhofstatt 6);2683227.54;1247345.867;8.54058129942945;47.3716956571526;kir3782
Der grosse Aufschwung;1979;Freiplastik;Chromnickelstahl;Silvio Mattioli (1929-2011);Paradeplatz (bei Bahnhofstrasse 21);2683134.135;1247099.316;8.53929896855083;47.3694901203522;kir3802
Ganymed;1946-1952;Freiplastik;Bronze (Plastik), Stein (Sockel);Hermann Hubacher (1885-1976);Bürkli-Terrasse (am Bürkliplatz);2683284.494;1246714.851;8.54121790263405;47.3660134927844;kir3680
"Geiserbrunnen" (auch bekannt als "Stierbändigerbrunnen");1911;Brunnen;Kalkstein;Jakob Brüllmann (1872-1938), Jean Freytag;Bürkliplatz (bei Lochmannstrasse 2);2683309.141;1246831.085;8.541565784993;47.3670557151846;kir3575
Hans-Waldmann-Denkmal;1932-1937;Freiplastik;Bronze (Plastik), Sandstein (Sockel);Hermann Haller (1880-1950);Stadthausquai (bei Münsterbrücke);2683342.582;1247138.515;8.54206568494124;47.3698163227051;kir3651
"Herkulesbrunnen";um 1732 (erneuert 1915/1947/1984);Brunnen;Hartsandstein;KünstlerIn nicht bekannt, Hans Gisler (1889-1969), Joseph von  Wyl;Platzanlage Bahnhofstrasse/Rennweg/Oetenbachgasse (bei Bahnhofstrasse 66);2683074.409;1247600.165;8.53860126111246;47.3740019774138;kir3862
"Brauerbrunnen";1953 (platziert 1954);Brunnen;Guntliweider Hartsandstein;Emilio Stanzani (1906-1977);Eingang Brauerei Hürlimann (bei Brandschenkestrasse 158);2682148.351;1246486.784;8.52613675191424;47.3641049887399;kir3709
[Brunnen];nicht datiert;Freiplastik;Stein;Walter Valentin Mettler (1868-1942);Platzanlage Grütlistrasse/Schulhausstrasse (Grütlistrasse/Schulhausstrasse);2682545.29;1246165.835;8.53133174476299;47.361168965526;kir4376
[Brunnen mit "wasserspeiendem Schwan"] (fünfteiliges Werk);1929;Brunnen;Bronze (Wasserspeier), Stein (Trog);Emil Schäfer (1878-1958);Alfred-Escher-Strasse/Seestrasse (bei Seestrasse 3);2682603.425;1246650.832;8.53219068087334;47.3655234604327;kir4345
[Brunnenfigur "Rufender Knabe"];1932;Brunnen;Bronze (Plastik), Stein (Brunnen);Ida Schär-Krause (1877-1957);Seestrasse/Strandbadweg (bei Seestrasse/Strandbadweg);2682673.237;1245453.812;8.53289381697906;47.3547494028997;kir3622
[Brunnenschale];1943;Brunnen;Granit;Paul Speck (1896-1966);Gartenhof im Kongresshaus (bei Claridenstrasse 3);2683076.875;1246655.9;8.53845868447927;47.3655095277806;kir4007
"Bürgli-Brunnen";1906;Brunnen;St. Imier-Kalkstein;Heinrich Emil Schneebeli, Alfred Friedrich Bluntschli (1842-1930);Bürglistrasse/Felsenkellerweg (bei Bürglistrasse 10);2682377.41;1246338.604;8.52914147385353;47.362743753687;kir4355
[Büste];nicht bekannt;Freiplastik;Marmor (Skulptur), Sandstein (Sockel);KünstlerIn nicht bekannt;Rieterpark (bei Gablerstrasse 15);2682453.115;1245898.773;8.53006255373675;47.358778700851;kir3002
[Büste];nicht bekannt;Freiplastik;Marmor (Skulptur), Sandstein (Sockel);KünstlerIn nicht bekannt;Rieterpark (bei Gablerstrasse 15);2682480.608;1245901.052;8.53042685305242;47.3587957571033;kir4423
[Büste];nicht bekannt;Freiplastik;Marmor (Skulptur), Sandstein (Sockel);KünstlerIn nicht bekannt;Rieterpark (bei Gablerstrasse 15);2682457.816;1245899.2;8.53012485175844;47.3587819529635;kir4424
[Büste];nicht bekannt;Freiplastik;Marmor (Skulptur), Sandstein (Sockel);KünstlerIn nicht bekannt;Rieterpark (bei Gablerstrasse 15);2682452.352;1245883.693;8.53004967902011;47.3586431753916;kir3005
[Büste von Richard Wagner];1885;Freiplastik;Bronze (Plastik), Sandstein (Sockel);Fritz Schaper (1841-1919);Rieterpark (bei Gablerstrasse 14);2682434.909;1245988.316;8.52983807198139;47.359586276559;kir2993
"Delphinbrunnen";1770 (versetzt 1873);Brunnen;Muschelkalk;KünstlerIn nicht bekannt, Johann Rigendinger (1893-1945);Freigutstrasse/Parkring (bei Freigutstrasse 15);2682549.933;1246889.034;8.5315265223325;47.3676724098721;kir3866
"Delphinbrunnen";1770 (versetzt 1873);Brunnen;Stein;KünstlerIn nicht bekannt;Rieterpark (bei Scheideggstrasse 27);2682440.114;1245726.536;8.52985877859261;47.3572313255015;kir3867
Der Kalbträger;1927-1928 (platziert 1960);Freiplastik;Bronze (Plastik), Stein (Sockel);Alice Boner (1889-1981);Rieterpark (bei Seestrasse 104);2682546.096;1245865.1;8.53128698407265;47.3584642273002;kir2845
"Dianabrunnen";1926;Brunnen;Bronze (Plastik), Muschelkalk (Reliefs), Stein (Brunnentrog);Eduard Zimmermann (1872-1949);Steinhaldenplatz (bei Steinhaldenstrasse 73);2682304.98;1245747.387;8.52807411478359;47.357435735001;kir3619
Doppelfigur;1969;Freiplastik;Eisen;Kurt Laurenz Metzler (*1941);Fussgängerzone bei Ulmbergtunnel (bei Bleicherweg 74/Tunnelstrasse 2);2682602.683;1246702.089;8.53219031483985;47.3659845284554;kir3762
[Drei Flamingos];1935 (versetzt 1951);Freiplastik;Bronze;Estrid Christensen (1884-1968);Belvoirpark (bei Seestrassse 137);2682711.586;1245675.134;8.53344220868693;47.3567350363237;kir2973
Drei Obelisken;ca. 1975 (platziert 1988);Freiplastik;Beton;Peter  Storrer (*1928);Alfred-Escher-Strasse/Mythenquai (bei Alfred-Escher-Strasse 99);2682831.587;1245761.579;8.53504638862849;47.3574974041491;kir3823
[Figur und Pferd];nicht bekannt;Freiplastik;Stein;KünstlerIn nicht bekannt;Rieterpark (bei Gablerstrasse 14);2682442.771;1245994.568;8.52994328079205;47.3596415201317;kir4135
"Fischerbrunnen";1909;Brunnen;Bronze (Plastik), Sandstein (Brunnentrog);Walter Valentin Mettler (1868-1942);Seepromenade (bei Mythenquai 61);2682876.981;1245979.943;8.53568758570776;47.3594555373785;kir3567
[Flora];1887;Brunnen;Bronze (Plastik), Stein (Sockel, Brunnen);KünstlerIn nicht bekannt;Bederstrasse/Waffenplatzstrasse (bei Bederstrasse 97);2682167.821;1246220.28;8.52634557012377;47.3617057783714;kir2824
[Friedhofhalle mit zwei Reliefs];1958 (platziert 1959);Bauplastik;Stein;Josef Nauer (1906-1987);Belvoirpark (bei Alfred-Escher-Strasse 85);2682769.003;1245891.173;8.53424203627796;47.3586707595584;kir4339
[Ganswürger];um 1855;;Mamor;KünstlerIn nicht bekannt;Rieterpark (bei Gablerstrasse 15);2682470.872;1245884.354;8.53029491889357;47.3586468030827;kir3003
Ganymeds Schwester;2003;Brunnen;Beton;Christoph Haerle (*1958);Seepromemade (bei General-Guisan-Quai/Claridenstrasse);2683145.059;1246632.335;8.53935686075876;47.3652889998535;kir2867
Gottfried-Keller-Denkmal;1963 (platziert 1964);Installation;Marmor;Otto Charles Bänninger (1897-1973);Hafen Enge (bei Mythenquai 61);2682889.395;1245913.716;8.53583963444722;47.3588583692333;kir3735
Grabmal Guido Otto Wesendonck;ca. 1860;Freiplastik;Marmor (Skulptur), Stein (Sockel);KünstlerIn nicht bekannt;Villa Wesendonck (bei Gablerstrasse 15);2682432.934;1245923.841;8.52980006482048;47.3590066723236;kir3007
[Granit-Brunnentrog mit Relief "Fische"];1937;Brunnen;Granit;Luigi Zanini (1896-1968);Seestrasse/Brunaustrasse (bei Seestrasse 156);2682602.624;1245627.857;8.53199139505764;47.3563235175368;kir4078
[Grosse Steinamphore];nicht bekannt;Freiplastik;Stein;Arnold Hünerwadel (1877-1945);Belvoirpark (bei Alfred-Escher-Strasse 85);2682756.471;1245855.986;8.53406966966563;47.3583558815507;kir3834
"Immerwährendes Glück";nicht bekannt (platziert 2004);Freiplastik;Bronze;Yuan Xiaocen (*1915);Belvoirpark (bei Mythenquai 100);2682738.474;1245533.742;8.53377194978065;47.3554600628112;kir3860
Iris-Brunnen;1990;Brunnen;Granit;Paul Sieber (*1942);Belvoirpark (bei Seestrasse 161);2682686.465;1245583.205;8.53309276608195;47.355911431007;kir3821
Kakteen;1984;Freiplastik;Eisen, angerostet;John A. Tobler;Sukkulentensammlung (bei Mythenquai 88);2682826.543;1245648.056;8.5349586386735;47.3564770773445;kir2875
Lago Montagna (auch bekannt als "Tessinerplatzbrunnen");2006;Brunnen;Maggia-Gneis;Horst Bohnet (*1962);Tessinerplatz (bei Tessinerplatz 7);2682568.49;1246496.909;8.53169986248869;47.3641435456036;kir3853
"Leuenbrunnen";1933;Brunnen;Bronze (Plastik), Stein (Sockel, Brunnen);Otto Münch (1885-1965);Bleicherwegbrücke (bei Bleicherweg 7);2682985.819;1246980.312;8.53731350297716;47.3684385648293;kir3624
"Löwe von San Marco" und "Venedig-Brunnen";1980;Brunnen;Istrischer Kalkstein;KünstlerIn nicht bekannt;ehem. Venedigstrasse (bei General-Wille-Strasse 21);2682610.041;1246434.365;8.53223832167562;47.3635758548189;kir3807
[Mann mit Falke];1934-1946 (platziert 1950);Freiplastik;Bronze (Plastik), Stein (Sockel);Werner Friedrich Kunz (1896-1981);Rieterpark (bei Seestrasse 110);2682500.673;1245766.253;8.53066759075161;47.3575809407027;kir3633
[Marmorbüste];nicht bekannt;Freiplastik;Marmor (Skulptur), Sandstein (Sockel);KünstlerIn nicht bekannt;Rieterpark (bei Gablerstrasse 15);2682479.802;1245878.07;8.53041195309387;47.3585891709948;kir3006
Muschel;1969-1972;Freiplastik;Polyester;Annemie Fontana (1925-2002);Strandbad Mythenquai (bei Mythenquai 95);2682838.53;1245270.447;8.53504745276041;47.3530795704275;kir3759
[Ohne Titel];1967;Freiplastik;Bronze (Plastik), Stein (Sockel, Brunnen);Max Kestenholz (*1920);Alfred-Escher-Strasse/General-Wille-Strasse (bei General-Wille-Strasse 10);2682683.463;1246426.674;8.53320875484853;47.3634974794741;kir3750
"Quellnymphe";1887 (platziert 1894);Brunnen;Bronze (Plastik), Granit (Sockel, Brunnen);Richard Kissling (1848-1919);Rieterplatz (bei Rieterstrasse 9/15);2682156.255;1245635.187;8.52608515492469;47.3564452248817;kir2820
Richard-Wagner-Stele;1953 (platziert 1954);Freiplastik;Castione-Granit;Franz Fischer (1900-1980);Rieterpark (bei Scheideggstrasse 27);2682453.055;1245729.536;8.53003060461841;47.3572566871393;kir3702
"Schauende";1923;Freiplastik;Bronze (Plastik), Stein (Sockel);Hermann Haller (1880-1950);Belvoirpark (bei Seestrasse 125);2682725.527;1245736.71;8.5336380882326;47.3572870661386;kir3614
"Sitzende Figur";1948 (platziert 1949);Freiplastik;Bronze (Plastik), Stein (Sockel);Fritz Wotruba (1907-1975);Rieterpark (bei Gablerstrasse 15);2682415.935;1245835.454;8.52955881174358;47.358213895779;kir3601
[Sphinxe];nicht bekannt;Freiplastik;Stein;KünstlerIn nicht bekannt;Villa Wesendonck, Terrasse (bei Gablerstrasse 15);2682491.022;1245936.147;8.53057114995805;47.3591100781914;kir3004
[Stehende weibliche Figur];1936 (versetzt 1973);Freiplastik;Bronze (Plastik), Beton (Sockel);Alfons Magg (1891-1967);Belvoirpark (bei Seestrasse 157);2682677.453;1245621.44;8.53298055290923;47.3562564252599;kir3646
Unendlichkeit;1954;Brunnen;Kunststein;Katharina Sallenbach (1920-2013);Strandbad Mythenquai (bei Mythenquai 111);2682825.726;1245407.981;8.53490343469193;47.3543180823375;kir4396
Ungarn-Denkmal;1999;Freiplastik;Holz, Metall;KünstlerIn nicht bekannt;Arboretum (bei General-Guisan-Quai 22);2682986.818;1246515.467;8.53724057228743;47.3642579036865;kir2982
[Vier Figuren];nicht bekannt;Freiplastik;Marmor (Skulpturen), Stein (Sockel);KünstlerIn nicht bekannt;Villa Wesendonck (bei Gablerstrasse 15);2682481.984;1245926.329;8.53044971996363;47.3590229117843;kir2991
[Wandbrunnen mit Vogelrelief];1932;Brunnen;Andeer-Granit;Hans Markwalder (1882-1951), Emil Schäfer (1878-1958);Scheideggstrasse/Brunaustrasse (bei Scheideggstrasse 44);2682397.644;1245544.322;8.52926316990589;47.3555979058865;kir3561
[Zierbrunnen mit Floragöttin];1887 (versetzt 1923);Brunnen;Bronze (Plastik), Stein (Sockel, Brunnen);KünstlerIn nicht bekannt;Grütlistrasse/Seestrasse (bei Seestrasse 92);2682597.689;1245919.67;8.53197989527203;47.358948535322;kir3868
"Zürileu";1894;Freiplastik;Kunststein;Urs  Eggenschwyler (1849-1923);Hafendamm Enge (bei Mythenquai 61);2682983.064;1245992.758;8.53709402248861;47.3595574407141;kir2825
"Zwei Frauen";1961;Freiplastik;Hartsandstein;Otto Kappeler (1884-1949);Klopstockwiese (bei Bederstrasse 110);2682007.284;1246199.091;8.52421680669971;47.3615352106997;kir4332
"Junobrunnen";1872 (erneuert 1944/1995);Brunnen;Stein;Joseph Regl (1846-1911), Johann Rigendinger (1893-1945), Horst Bohnet (*1962), Romano Fenaroli;Züghusplatz (bei Bahnhofstrasse 28a);2683140.561;1247165.986;8.53939641715983;47.3700888985483;kir2810
[Wandbrunnen mit wasserspeiender Bronzemaske];1954;Brunnen;Bronze;Max Kestenholz (*1920);Platzanlage Rollengasse (bei Rollengasse 2);2683271.264;1247406.151;8.54117135516397;47.3722322899778;kir4238
"Winzerbrunnen" (auch bekannt als "Buttenmännchenbrunnen");1908;Brunnen;Bronze, Hartsandstein;David Theiler, Joseph Regl (1846-1911);Weinplatz (bei Weinplatz 2);2683318.822;1247308.329;8.54178275306332;47.3713465286247;kir3565
"Zentralhofbrunnen";1877;Brunnen;Gusseisen;KünstlerIn nicht bekannt;Zentralhof (bei Bahnhofstrasse 22);2683195.033;1247075.639;8.54010073603266;47.3692694987473;kir2815
[Brunnentrog mit Fischrelief];nicht bekannt;Brunnen;Stein;Luigi Zanini (1896-1968);Häringplätzli (bei Häringstrasse 3);2683479.479;1247705.454;8.5439836621058;47.3748976868702;kir4369
"Drachenbrunnen";um 1900;Brunnen;Stein;KünstlerIn nicht bekannt;Villa Tobler (bei Winkelwiese 4);2683667.893;1247189.272;8.54638165738238;47.3702315768359;kir4199
"Fischmarktbrunnen" (auch bekannt als "Samsonbrunnen");um 1555/1837/1915;Brunnen;Bronze, Stein;Hans Lynz (ca. 1500-1559), Bildhauer Frey, Johann Rigendinger (1893-1945), Horst Bohnet (*1962), Romano Fenaroli;Rüdenplatz (bei Limmatquai 46);2683415.168;1247272.134;8.54305148025085;47.3710088246587;kir2808
"Froschauerbrunnen";1551/1873/1908/1955;Brunnen;Stein;KünstlerIn nicht bekannt, Joseph Regl (1846-1911), Otto Münch (1885-1965);Predigerplatz (bei Predigerplatz 18);2683578.274;1247564.457;8.5452653143823;47.3736171260932;kir3870
[Fünf Poller];2009-2010;Freiplastik;Eisen, angerostet;Barbara Roth (*1950), Fariba Sepehrnia (*1961), Jan Morgenthaler (*1956), Martin Senn (*1960);Limmatquai/Uraniabrücke und Rathaus (bei Limmatquai 94 und Limmatquai 55);2683395.231;1247629.795;8.54285417873435;47.374227925857;kir4182
"Hechtplatzbrunnen";1760/1935-1942;Brunnen;Stein;Philipp Widmer, Salvatore Francesco Romerio (1885-1943);Hechtplatz (bei Schifflände 12);2683539.773;1246996.666;8.54464964332912;47.3685156529302;kir3580
"Hintermünsterbrunnen";1861/1976;Brunnen;Stein;Johann Jakob Breitinger (1814-1880), Joseph von  Wyl;Grossmünsterkapelle (bei Zwingliplatz 4/5);2683539.989;1247193.501;8.54468923202698;47.3702858367318;kir2805
"Klausbrunnen" (auch bekannt als "Samichlausbrunnen");1910 (erneuert 1973);Brunnen;Stein;Arnold Hünerwadel (1877-1945);Platzanlage Neustadtgasse/Frankengasse (bei Neustadtgasse/Frankengasse);2683592.774;1247121.424;8.54537455096563;47.3696309276364;kir3570
L'étrangère (ehemals "Jupiterbrunnen", heute "Nikebrunnen");1992;Brunnen;Bronze, Stein;Barbara Roth (*1950), Thomas Ehrler (*1948);Neumarkt (bei Neumarkt 4);2683611.577;1247436.539;8.54568231979997;47.3724624880032;kir3827
[Mauerbrunnen];1910 (versetzt 1957);Brunnen;Bronze (Plastik), Tessiner-Granit (Brunnen);Paul Osswald (1883-1952);Platzanlage Ankengasse (Ankengasse 4-10);2683460.021;1247308.327;8.54365200811221;47.3713286426475;kir4377
"Napfbrunnen";1576 (versetzt 1876);Brunnen;Stein;Hans Lynz (ca. 1500-1559), Arnold Hünerwadel (1877-1945), Johann Rigendinger (1893-1945);Napfplatz (bei Napfgasse/Spiegelgasse);2683519.978;1247350.074;8.54445353400135;47.371696492494;kir3578
"Pelikanbrunnen";1725 (versetzt 1959);Brunnen;Kupfer, Sandstein;KünstlerIn nicht bekannt, Franz Purtschert (1925-1981);Leuengasse (bei Leuengasse 12/Spiegelgasse 16);2683567.959;1247401.04;8.54509824624358;47.3721487654687;kir4342
Rosenhofbrunnen;1967;Brunnen;Blaubank-Muschelkalk;Peter Meister (1934-1999), Max Frisch (1911-1991);Rosenhof (zwischen Schweizerhofgasse/Weingasse);2683429.814;1247482.602;8.54328459451738;47.3728997874519;kir2911
"Stüssibrunnen";1575/1919;Brunnen;Messing, Eisen, Sandstein;KünstlerIn nicht bekannt, Hans Gisler (1889-1969), Romano Fenaroli, Wilhelm Hartung (1879-1957);Stüssihofstatt (bei Stüssihofstatt 13);2683462.494;1247439.495;8.54370920227988;47.3725079718929;kir2809
"Waldmannbrunnen" (auch bekannt als "Rämibrunnen");1932-1934 (platziert 1935);Brunnen;Muschelkalk;Eduard Zimmermann (1872-1949);Rämistrasse/Waldmannstrasse (bei Rämistrasse 17);2683686.302;1246973.327;8.54658499303338;47.3682871652745;kir3638
"Aphrodite";1921 (platziert 1931);Freiplastik;Bronze (Plastik), Granit (Sockel);Einar Utzon-Frank (1888-1955);Arboretum (bei General-Guisan-Quai 26);2682966.543;1246504.884;8.53697023734104;47.3641652791551;kir3610
Arnold-Bürkli-Gedenkstein;1899;Freiplastik;Bronze, Marmor, Granit;Baptist Hoerbst (1850-1927);Arboretum (bei General-Guisan-Quai 30);2682951.59;1246433.516;8.53675908868312;47.363525320096;kir2963
"Bluntschlibrunnen";1909;Brunnen;Marmor (Brunnen), Mosaiksteine (Wandverkleidung);Alfred Friedrich Bluntschli (1842-1930), Joseph Regl (1846-1911), Heinrich Emil Schneebeli;Seepromenade (bei General-Guisan-Quai 17 );2683031.223;1246556.627;8.53783598010622;47.3646224792305;kir3566
"Brunnen der Ewigkeit";1990;Brunnen;Jurakalk (Skulptur), schwarzer Marmor (Sockel);Donatella Richtman Cinquini (*1948);Friedhof Leimbach, Gemeinschaftsgrab (bei Stotzstrasse 100);2681157.527;1242954.779;8.51238174039406;47.3324627120991;kir4158
"Katzenbrünneli" (auch bekannt als "Leimbacher Brünneli");1916/1941;Brunnen;Bronze (Plastik), Stein (Brunnen);Alfred Schuhmacher (1883-1981), Karl Stutz;Leimbachstrasse/Wegackerstrasse (bei Leimbachstrasse 93);2681469.73;1242857.434;8.51649413909302;47.3315487421805;kir3211
Kulturamboss 80;nicht bekannt;Freiplastik;Stein (Skulptur), Beton (Sockel);Armin Wanger (1920-2010);Vorplatz Wirtshaus (bei Risweg 1);2681165.214;1242514.068;8.51240365072615;47.328498217607;kir3426
"Auferstehung";1937 (platziert 1941);Freiplastik;Bronze (Plastik), Stein (Sockel);Emilio Stanzani (1906-1977);Friedhof Manegg, Terrasse Feld O1 (bei Thujastrasse 64);2682006.646;1244426.48;8.52388386308386;47.345593397819;kir3082
Axiomat;1989-1990;Freiplastik;Eisen;Florin Granwehr (*1942);Schiffländesteg Wollishofen (bei Bachstrasse 7);2682954.318;1244460.403;8.53642980192777;47.3457799249078;kir3824
"Blondatbrunnen" (auch bekannt als "Märchenbrunnen");1905 (versetzt 1929);Brunnen;Bronze (Plastiken), Stein (Brunnen);Max Blondat (1872-1925);Kilchbergstrasse/Kilchbergsteig (bei Kilchbergstrasse 14);2682717.892;1244138.457;8.53324195741824;47.3429142214659;kir3562
[Brunnen mit "Eichhörnchen"];1936;Brunnen;Bronze (Plastik), Stein (Brunnen);Ida Schär-Krause (1877-1957), Emil Schäfer (1878-1958);Friedhof Manegg, zw. Felder L1 und L2 (bei Rainstrasse 69);2682122.07;1244370.917;8.52540098142174;47.3450793263905;kir3084
[Brunnen mit Granitkopf];1939;Brunnen;Granit;Leo Berger (1885-1983 );Bahnunterführung Wollishofen (bei Seestrasse 386);2682864.084;1244223.791;8.53519206167768;47.3436633122786;kir4309
[Brunnen mit Relief "Hund und Katze"];1935;Brunnen;Laufener Kalkstein;Paul Vogelsanger (1880-1967), Emil Schäfer (1878-1958);Morgentalstrasse/Mutschellenstrasse (bei Morgentalstrasse 2);2682453.342;1244276.672;8.52976701646147;47.3441903908538;kir3644
[Brunnen mit separater Steinfigur];1933;Brunnen;Solothurner Kalkstein;Heinrich Ganz (1897-1963);Platzanlage Nidelbadstrasse/Westbühlstrasse (bei Westbühlstrasse 7);2682899.516;1242908.686;8.53541765809146;47.3318314930082;kir3091
[Brunnen mit "Wasserschöpferin"];1938;;Bronze (Plastik), Stein (Brunnen);Ida Schär-Krause (1877-1957);Friedhof Manegg, Feld Q1 (bei Morgenthalstrasse 70);2682006.816;1244259.29;8.52385551626581;47.3440897574516;kir3083
[Brunnentrog];1948;Brunnen;Stein;Uli Schoop (1903-1990);Kalchbühlstrasse/Studackerstrasse (bei Kalchbühlstrasse 75);2682651.984;1243636.941;8.53227741454146;47.3384121161034;kir4378
"Die Lebensalter";1938;Freiplastik;Marmor;Leo Berger (1885-1983 );Friedhof Manegg (bei Thujastrasse 60);2682068.162;1244269.052;8.5246690171701;47.3441699185797;kir3085
[Liegender Engel] (Ehrengrabmal Otto Kappeler);1943 (platziert 1949);Freiplastik;Stein;Otto Kappeler (1884-1949);Friedhof Manegg (bei Thujastrasse 60);2681840.294;1244444.335;8.52168593759396;47.345774647067;kir3080
"Mädchen im Wind";1936 (platziert 1939);Brunnen;Bronze (Plastik), Granit (Sockel und Brunnentrog);Otto Münch (1885-1965);Seepromenade (bei Mythenquai 320);2682798.852;1244811.27;8.53443749412576;47.3489549735284;kir3647
"Mädchen mit erhobenen Armen" (auch bekannt als "Landi-Figur");1939 (platziert 1968);Freiplastik;Bronze (Plastik), Beton (Sockel);Hermann Haller (1880-1950);Landiwiese (bei Mythenquai 317);2682901.048;1244845.004;8.53579608562824;47.3492455151227;kir3659
"Monumentalbrunnen";1906;Brunnen;St. Imier-Kalkstein;Alfred Friedrich Bluntschli (1842-1930), Heinrich Emil Schneebeli;Bellariastrasse/Kappelistrasse (bei Bellariastrasse 38);2682491.751;1245129.565;8.53043225859061;47.3518560427918;kir4356
[Mutter mit Kind];nicht bekannt;Freiplastik;Bronze (Plastik), Stein (Sockel);Ida Schär-Krause (1877-1957);Friedhof Manegg, Feld F (bei Thujastrasse 64);2681922.594;1244646.231;8.52281185514759;47.3475801719343;kir3096
Othmar-Schoeck-Brunnen;1969;Brunnen;Neapolitanischer Marmor;Peter Meister (1934-1999);Mutschellenstrasse/Bellariastrasse (bei Mutschellenstrasse 137);2682381.599;1244548.315;8.52886767198563;47.3466423712984;kir3761
"Posaunenengel";1962 (platziert 1963);Freiplastik;Bronze (Plastik), Beton (Sockel);Alfred Huber (1908-1982 );Friedhof Manegg, Gemeinschaftsgrab (bei Thujastrasse 60);2681846.413;1244499.236;8.52177693291998;47.3462676382956;kir3086
"Sitzende";1939-1941 (platziert 1942);Freiplastik;Jurakalk (Skulptur), Granit (Sockel);Otto Charles Bänninger (1897-1973);Auf der Egg (bei Eggweg 4);2682683.598;1243891.745;8.53274268269387;47.3406997261702;kir3095
[Trinkbrunnen Tramendstation Wollishofen];1965;Brunnen;Stein;Armin Wanger (1920-2010);Wollishoferplatz (bei Albisstrasse 105);2682532.416;1243640.592;8.53069616665728;47.3384599280747;kir3100
[Wandbrunnen mit Relief];1926;Brunnen;Stein;Hochbauamt der Stadt Zürich;Stützmauer Seestrasse/Haumesserstrasse (bei Seestrasse 280/290);2682631.925;1244890.399;8.53224315778687;47.3496875604126;kir3909
"Pilgerbrunnen";1931 (platziert 1933);Brunnen;Oggione-Hartsandstein;Walter Arnold Gygi (1882-1958), Hermann Herter (1877-1945), Joseph von  Wyl;Stützmauer Stampfenbachstrasse (bei Stampfenbachstrasse 78 );2683311.951;1248509.846;8.54191544373827;47.382153072988;kir2858
Raumwandler;1981-1984;Freiplastik;Metall;Florin Granwehr (*1942);Universität Irchel (bei Winterthurerstrasse 194);2683629.182;1250244.806;8.54644027916671;47.3977159269546;kir3922
"Schneider-Brunnen";1942 (platziert 1943);Brunnen;Bronze (Plastik), Stein (Trog);Heinrich Martens (1896-1986);Platzanlage Leonhardstrasse/Weinbergsteig (bei Leonhardstrasse 4);2683527.292;1248183.596;8.54470590728813;47.3791917285364;kir3608
[Schreitendes Mädchen];1922;Freiplastik;Bronze (Plastik), Stein (Sockel);Eduard Bick (1883-1947);Pädagogische Hochschule Zürich (bei Beckenhofstrasse 29);2683266.093;1248801.383;8.54136248254965;47.3847807624384;kir3893
"Seelöwenbrunnen";1938 (platziert 1940);Brunnen;Bronze (Plastik), Stein (Trog);Ernst Dallmann (1889-1947 ), Emil Schäfer (1878-1958);Stampfenbachplatz  (bei Walchestrasse 6);2683387.348;1248272.614;8.5428695796758;47.3800100248556;kir3658
[Vogel];nicht bekannt;Freiplastik;Bronze;Mathis Piotrowski (1920-1978);Friedhof Nordheim (bei Nordheimstrasse 24);2682506.963;1250945.576;8.53170575119061;47.4041597012337;kir4228
"Wasserköniginnen";1981-1983;Brunnen;Bronze;Elide Purtschert-Beccari, Franz Purtschert (1925-1981);Platzanlage Schaffhauserstrasse (bei Schaffhauserstrasse 21);2683070.412;1249315.749;8.53886681857274;47.3894313319561;kir3815
[Wasserspeiender Frauenkopf];1941;Brunnen;Stein;Emilio Stanzani (1906-1977);Friedhof Nordheim, Feld 14 (bei Nordheimstrasse 28);2682296.101;1251188.463;8.5289572453892;47.4063704405368;kir4359
[Weibliche Figur];1953;Freiplastik;Bronze (Plastik), Stein (Sockel);Heinrich Martens (1896-1986);Freibad Allenmoos (bei Ringstrasse 79);2683033.645;1251053.277;8.53870250850605;47.4050620934172;kir4180
Windharfe (Gemeinschaftsgrab für die ganz Kleinen);2003;Installation;Lerchenholz, Stahl, Marmor;Thomas Ehrler (*1948);Friedhof Nordheim (bei Nordheimstrasse 28);2682451.76;1251036.618;8.53099128624176;47.404985382866;kir4315
[Brunnen "Frau mit Zicklein"];1955-1956;;Granit, Bronze;Hans Jakob Meyer (1903-1981);Friedhof Fluntern, zw. Felder 1 und 2 (bei Zürichbergstrasse 189);2685539.639;1248578.807;8.5714255908345;47.3824877945596;kir3105
[Brunnen mit Relief "Wassertrinkender Corpsstudent"];1938;Brunnen;Granit;Paul Vogelsanger (1880-1967), Emil Schäfer (1878-1958);Gloriastrasse/Plattenstrasse (bei Plattenstrasse 10);2684082.518;1247690.188;8.55196461425865;47.3746837193333;kir4361
[Brunnen mit Steinrelief "Hund und Gans"];1934;Brunnen;Andeer-Granit;Hans Jakob Meyer (1903-1981);Spyriplatz (bei Gladbachstrasse 41);2684076.543;1248529.821;8.5520432458549;47.3822355862367;kir3221
[Brunnen mit Steinrelief "3 tanzende Knaben"];1929;Brunnen;Würenloser Kalkstein;Franz Fischer (1900-1980);Tramhaltestelle Zoo (bei Zürichbergstrasse 175);2685548.827;1248496.364;8.57153148889774;47.3817451671727;kir3075
"Fohlenbrunnen";1935;Brunnen;Bronze;Werner Friedrich Kunz (1896-1981), Emil Schäfer (1878-1958);Platzanlage Gladbachstrasse/Kraftstrasse (bei Kraftstrasse 15);2684653.119;1247963.933;8.55957071110973;47.3770725406469;kir3643
[Gemeindewappen];um 1956;Bauplastik;Sandstein;Hans Jakob Meyer (1903-1981);Friedhof Fluntern, Aussenmauer (bei Zürichbergstrasse 189);2685589.798;1248597.077;8.57209324816762;47.3826455876359;kir4337
"Grabdenkmal James Joyce";1965 (platziert 1966);Freiplastik;Bronze;Milton  Hebald (1917-2015);Friedhof Fluntern, Feld L (bei Zürichbergstrasse 189);2685477.793;1248689.603;8.57062784390427;47.3834922427982;kir3106
"Orellibrunnen";1949;Brunnen;Metall, Stein;Emil Schäfer (1878-1958);Orelliweg/Hanslinweg (bei Orelliweg/Hanslinweg);2684738.745;1249005.353;8.5609015957697;47.3864273529295;kir4414
"Toblerbrunnen";1914-1915;Brunnen;Stein, Bronze;Gustav Gull (1858-1942), Architekten Gull & Geiger;Toblerplatz (bei Toblerplatz 5);2684676.408;1248230.396;8.55992946920229;47.3794659369647;kir3103
[Wandbrunnen];1906;Brunnen;Bronze;Franz Wanger (1880-1945);Zürichbergstrasse/Plattenstrasse (bei Zürichbergstrasse 24);2684183.182;1247555.683;8.55327203398237;47.3734612159356;kir4363
[Brunnen mit Fischmotiv];nicht bekannt;Brunnen;Uznaberger Sandstein;KünstlerIn nicht bekannt, Johann Rigendinger (1893-1945);Witikonerstrasse/Kapfsteig (bei Witikonerstrasse 31/32);2685603.586;1246186.761;8.57181489264972;47.3609670425696;kir4343
[Brunnen mit Tänzerin];ca. 1928 (Brunnen), 1932 (Plastik);Brunnen;Bronze;Otto Münch (1885-1965), Emil Schäfer (1878-1958);Hegibachplatz (bei Forchstrasse 99);2684771.517;1246289.027;8.5608211307276;47.3619943042964;kir3841
Jakob-Bosshart-Gedenkstein;1950;Freiplastik;Findling;Alfred Huber (1908-1982 );Degenried (bei Dienerhölzliweg);2685848.914;1247084.89;8.57523420043625;47.3690123106469;kir4329
[Brunnen "Jüngling mit Flöte"];1934;Brunnen;Bronze;Ernst Dallmann (1889-1947 );Merkurplatz (bei Merkurstrasse 45);2684328.582;1246882.373;8.5550701452716;47.367387307586;kir3628
[Brunnen "Knabe mit Gans"];1932 (platziert 1933);Brunnen;Bronze (Plastik), Andeer-Granit (Brunnen);Franz Fischer (1900-1980);Kurve Bergstrasse (bei Bergstrasse/Waldbachtobelweg);2684961.1;1247470.175;8.56355460183879;47.3725923712004;kir3880
[Brunnen mit Wandplastik "Knabe mit Hund"];1947 (platziert 1948);Brunnen;Kalkstein;Alfred Huber (1908-1982 );Römerhofplatz (bei Ilgenstrasse 22);2684718.82;1247001.921;8.56025851199778;47.3684123940315;kir3684
[Brunnen mit Wassermuschel];1939;Brunnen;Bronze (Plastik), Granit (Brunnen);Otto Münch (1885-1965);Platzanlage Heuelsteig/Sonnenberg (bei Heuelstrasse 34);2685217.527;1247036.779;8.56686686136635;47.3686615829707;kir3301
[Brunnentrog mit Relief "Hottingerwappen, Kleeblatt"];1956;Brunnen;Castione-Granit;Hans Ehrler (1915-2002), Emil Schäfer (1878-1958);Hottingerplatz (bei Gemeindestrasse 36);2684274.958;1247090.968;8.55439956585567;47.3692701378068;kir4316
Die Frau im Magnolienbaum;1989 (versetzt 1992);Freiplastik;Stein;Josef Wyss (1922-2005);Kreuzung Hottingerstrasse/Freiestrasse (bei Freiestrasse 65);2684420.395;1247073.261;8.55632150738759;47.3690922771918;kir2992
"Jüngling";1929;Freiplastik;Bronze (Plastik), Stein (Sockel);Hermann Haller (1880-1950);Arteranlage (bei Zeltweg 81);2684278.303;1246780.479;8.55438540040658;47.3664773693231;kir2846
[Milan und Ratte];2000;Installation;Bronze (Plastiken), Stein (Sockel);Ulmann & Früh;ZKB Rastplatz "Milan" (bei Loorenkopfstrasse 100);2687647.056;1247169.829;8.59905414990633;47.3695394847285;kir3185
[Monumentalbrunnen "Loreley"];1910 (platziert 1911);Brunnen;Stein, Metall;Adolf Meyer (1867-1940);Steinwiesplatz (bei Hottingerstrasse 21);2684100.368;1247182.495;8.55210555286224;47.3701155776099;kir3574
"Piqueur aux écoutes";ca. 1895 (versetzt 1918);Freiplastik;Bronze (Plastik), Stein (Sockel);Alfred Marie Jacquemart (1824-1896);Doldertal (Wolfbachtobelweg, Nähe Dolderstrasse 59);2684806.976;1247353.262;8.56149204911191;47.3715607866068;kir2965
"Quelle";1917 (platziert 1918  erneuert 1977);Brunnen;Hartsandstein;Walter Valentin Mettler (1868-1942), Joseph von  Wyl;Kreuzplatz (bei Kreuzplatz 2);2684253.134;1246622.436;8.55402249436932;47.3650592482501;kir3604
"Römerhofskulptur";1980 (platziert 1982);Freiplastik;Granit;Josef Wyss (1922-2005);Römerhofplatz (bei Römerhofplatz 2);2684724.938;1246985.55;8.560336402042;47.3682643773054;kir3810
[Stehender Jüngling (Selbstporträt)];1910 (platziert 1933);Freiplastik;Bronze;Eduard Bick (1883-1947);Parkanlage Sonnenberg (bei Hitzigweg 11);2685344.946;1246802.394;8.5685089194489;47.366537189071;kir3074
[Trinkwasserbrunnen];1981;Brunnen;Stein;Wasserversorgung Zürich;Pumpwerk Sonnenberg (bei Oberer Heuelsteig 29);2685517.57;1247086.487;8.57084823969175;47.3690697553135;kir3470
[Wandbrunnen "Kauernde" und versch. Steinreliefs];1910;Brunnen;Bronze (Plastik), Stein (Wandbrunnen und Reliefs);August Bösch (1857-1911);Kurhausstrasse/Sonnenbergstrasse (bei Kurhausstrasse 28);2685434.171;1247495.549;8.56982228637153;47.3727594026524;kir3102
[Wandbrunnen mit Fischkopf];1910;Brunnen;Muschelkalk;Heinrich Emil Schneebeli;Titlisstrasse/Hauserstrasse (bei Titlisstrasse 17);2685059.941;1247292.869;8.56482943796627;47.3709850472292;kir4357
[Wandbrunnen mit wasserspeiendem Löwenkopf];ca. 1906/1907;Brunnen;Bronze, Muschelsandstein;Franz Wanger (1880-1945);Treppe zu Schulhaus Ilgen (bei Ilgenstrasse/Sophienstrasse);2684636.013;1247112.884;8.55918331658366;47.3694209637289;kir4364
Adam und Eva;1948 (platziert 1950);Brunnen;Cristallina-Marmor;Hildi Hess (1911-1998), Romano Fenaroli;ehem. Kehrschlaufe Witikonerstrasse/Berghaldenstrasse (gegenüber Witikonerstrasse 351);2687010.366;1245944.952;8.5903877055999;47.3586081569911;kir3065
Bestimmte Spur;1978 (platziert 1984);Installation;Granit;Roland Hotz (*1945);Friedhof Witikon, Gemeinschaftsgrab (bei Witikonerstrasse 525);2687884.108;1246431.467;8.60204727871872;47.3628676097552;kir4325
"Dschumbo";1898;Brunnen;Zement;W. Martin;Elefantenbach im Stöckentobel (bei Stöckentobelweg);2686128.214;1246460.352;8.57881137513365;47.3633591904227;kir3928
"Findlingsbrunnen";1987;Brunnen;Sernifit;Romano Fenaroli;Trichtenhauser Fussweg (bei Wiesliacher 10);2687687.076;1245461.519;8.59924941689059;47.3541708071134;kir3077
Le Silence;1969 (versetzt 1971 und 2013);Freiplastik;Jurakalk;Ödön Koch (1906-1977);Langmattwiese (an Nagelfluhweg);2686758.395;1245641.89;8.58699412028963;47.3559158329603;kir4305
Lichtblick;1986 (platziert 1987);Freiplastik;Peperino rosso;Roland Hotz (*1945);Friedhof Witikon (bei Im Hau 50);2687967.755;1246588.17;8.60318523161708;47.3642657263148;kir3170
[Ohne Titel];1957;Freiplastik;Bronze;Armin Wanger (1920-2010);Friedhof Witikon (bei Im Hau 50);2687974.11;1246567.875;8.60326536240624;47.3640823591441;kir3071
[Ohne Titel];nicht bekannt;Freiplastik;Stein;Franz Fischer (1900-1980);Friedhof Witikon (bei Witikonerstrasse 535);2688036.381;1246513.921;8.6040790041633;47.3635888195836;kir3162
Stationen;1980;Freiplastik;Cristallina-Marmor;Charlotte Germann-Jahn (1921-1988), Thomas Ehrler (*1948);Friedhof Witikon, Zugang Witikonerstrasse, Hauptweg (bei Witikonerstrasse 525);2687963.195;1246328.593;8.60307388143085;47.3619318822506;kir3067
[Brunnenfigur];1888;Brunnen;Bronze (Plastik), Stein (Brunnen);Paul Stotz (1850-1899);Parkanlage Villa Bleuler (bei Zollikerstrasse 32);2684350.781;1246296.341;8.55525360685455;47.3621140631766;kir3236
[Brunnentrog mit Wappen];1942;Brunnen;Collombey-Marmor;Emil Schäfer (1878-1958);Kreuzstrasse/Seefeldstrasse (bei Seefeldstrasse 29);2683937.378;1246423.151;8.54980551723621;47.3633072932108;kir4350
[Frühling, Sommer, Herbst, Winter];nicht bekannt;Freiplastik;Stein;Baptist Hoerbst (1850-1927);Villa Patumbah, Parkanlage (bei Zollikerstrasse 128);2684700.11;1245699.67;8.55976452161498;47.3567031742808;kir3052
Lichtquader;1971;Freiplastik;Stein (Skulptur), Beton (Sockel);Johannes Peter Staub (*1936);GZ Riesbach (bei Seefeldstrasse 93);2684209.609;1245990.104;8.55332745266865;47.3593780082771;kir3844
[Männliche Figur];1834;Freiplastik;Stein;Georg Hoerbst;Seeburgpark (bei Mühlebachstrasse 113);2684425.383;1246081.494;8.55620054501786;47.3601723105309;kir2966
Salvador Allende;1973;Freiplastik;Cristallina-Marmor;Paul Sieber (*1942);Freizeitanlage Riesbach (bei Riesbachstrasse 35);2684294.027;1246010.195;8.55444854403238;47.3595479035956;kir3846
Schwan;1974;Freiplastik;Cristallina-Marmor;Beat Kohlbrenner (*1948);GZ Riesbach (bei Seefeldstrasse 91);2684269.352;1246016.469;8.55412313884387;47.3596074833459;kir3848
[Zwei weibliche Figuren];nicht bekannt;Freiplastik;Stein;KünstlerIn nicht bekannt;Villa Patumbah, Vorgarten Nordostseite (bei Zollikerstrasse 128);2684706.136;1245726.912;8.55984942625905;47.3569473977138;kir3053
Aequatorial Sonnenuhr;1958;Freiplastik;Metall;Kurt Ingendahl  (1918-1982 );Seepromenade (bei Klausstrasse 2);2683810.445;1245886.426;8.54802493134688;47.3584964677111;kir4400
"Andacht";1931;Freiplastik;Bronze (Plastik, Sockel), Beton (Bodensockel);Albert Carl  Angst (1875-1965 );Zürichhorn, Uferweg Seepromenade/Blatterwiese (bei Bellerivestrasse 144);2684031.772;1245406.722;8.55086425084157;47.3541541173192;kir2853
"Bacchantenzug";1899-1900 (versetzt 1969);Bauplastik;Carrara-Marmor;Adolf Meyer (1867-1940);Seepromenade (bei Höschgasse 4);2683982.039;1245563.751;8.55023551701668;47.3555726810044;kir3554
[Brunnen mit Relief "Löwe mit Zürcher Wappen"];1928-1929;Brunnen;Stein;Luigi Zanini (1896-1968);Grünanlage Seefeldstrasse/Baurstrasse (bei Seefeldstrasse 152/162);2684374.866;1245678.053;8.55545591679308;47.356550477797;kir4367
[Brunnen mit Wassernymphe];1901/1940;Brunnen;Sandstein (Skulptur), Baveno-Granit (Trog);Paul Abry (1865-1936), Johann Rigendinger (1893-1945);Seepromenade (bei Utoquai 55);2683768.627;1246232.768;8.54753624142562;47.3616165747588;kir3556
[Brunnentrog mit Relief "Drei Enten"];1938;Brunnen;Stein (Brunnen), Collombey-Marmor (Bodenplatte);Alfred Huber (1908-1982 );Seepromenade (bei Seefeldquai/Klausstrasse);2683770.272;1245926.303;8.54750069042461;47.3588602044726;kir4327
"Feldmann-Brunnen";1980;Brunnen;Chromstahl (Plastik), Gneis (Platte);Markus Feldmann (*1926);Seepromenade (bei Höschgasse 4);2683924.548;1245603.866;8.54948216767756;47.355940773729;kir3805
Figur;1961;Freiplastik;Kalkstein (Skulptur), Beton (Sockel);Ödön Koch (1906-1977);Grünanlage Zürichhorn (bei Bellerivestrasse 146);2684142.143;1245444.894;8.55233208786646;47.3544833342579;kir3012
Figur I (Stehle);1955-1956 (versetzt 1964);Freiplastik;Granit;Hans Aeschbacher (1906-1980);Seepromenade (bei Höschgasse 3);2683918.449;1245655.01;8.54941103177088;47.3564015088989;kir3715
Heureka (Reguläre Betriebszeiten: 1. April bis 15. Oktober täglich 11 Uhr, 15 Uhr, 19 Uhr, jeweils 8 Minuten Laufzeit Betrieb zu Sonderzeiten auf Voranmeldung möglich. Kontakt: heureka@zuerich.ch);1963-1964 (platziert 1967);Installation;Eisenstangen, Stahlräder, Metallröhren, Holzräder, Metallpfanne, verschiedene Motoren, 220 V;Jean Tinguely (1925-1991);Anlage Zürichhorn, Schiffstation (bei Bellerivestrasse 168);2684142.283;1245283.538;8.5523036322874;47.3530321763708;kir3738
Klausstud;1812;Installation;Sandstein (Grenzstein, Sockel), Bronze (Tafel);KünstlerIn nicht bekannt;Hafen Riesbach (bei Seefeldquai 51);2683768.012;1245861.674;8.54745869080444;47.3582792571903;kir2802
Kugelbrunnen;1984;Brunnen;Stein;Christian  Mayer (*1956);Zürichhorn, Wegkreuzung (bei Bellerivestrasse 162);2684108.339;1245300.528;8.55185761153574;47.353189306279;kir3982
Metamorphose;1980;Freiplastik;Cristallina-Marmor;Paul Sieber (*1942);Wiese Nähe Seepolizei Zürich  (bei Bellerivestrasse 250);2684838.707;1244832.886;8.56143466493868;47.3488900203702;kir3022
Monovolume: Croix élevee;1958 (platziert 1959);Installation;Granit;Mary  Vieira (1927-2001);Blatterwiese (bei Bellerivestrasse 144);2684054.623;1245402.018;8.55116578189389;47.3541088989005;kir3721
[Ohne Titel];1996;Freiplastik;Holz, Beton, Eisen, Keramik;Ronroy (*1956);Atelier Hermann Haller (bei Höschgasse 8);2684072.009;1245622.675;8.55143728538969;47.3560911392239;kir3014
Kofferinstallation;2007;Installation;Eisen, Metallkoffer, Elektromotor, Wasser;Roman Signer (*1938);Sihlcity (bei Kalanderplatz 10);2681980.585;1245846.028;8.52379878960006;47.3583632828658;kir3430
[Brunnen mit "Känguru"];1930;Brunnen;Bronze (Plastik), Segheria-Granit (Trog, Postament);Hans Markwalder (1882-1951);Spielplatz Friesenberg (bei Döltschiweg 184);2680283.793;1246447.898;8.5014490994624;47.3639850341768;kir2852
[Castione-Granitbrunnen mit Relief];1936 (platziert 1937);Brunnen;Castione-Granit;Leo Berger (1885-1983 ), Emil Schäfer (1878-1958);Uetlibergstrasse/Hegianwandweg (bei Uetlibergstrasse 208 );2681272.194;1245773.93;8.51440994725319;47.3578025980056;kir4308
"Die fleissige Biene" (Gedenkbrunnen für Stadtpräsident Adolf Lüchinger);1954;Brunnen;Stein;Luigi Zanini (1896-1968);Adolf-Lüchinger-Strasse/Hegianwandweg (bei Hegianwandweg 77);2680841.067;1245537.81;8.50866129585409;47.3557320764598;kir4048
"Kapellenweg";1971;Gestaltung;Pflastersteine;Karl Schmid (1914-1998);Friedhof Uetliberg, Kapellenweg (bei Borrweg 247);2680286.21;1245693.163;8.50134579396337;47.3571970539271;kir4175
"Murmeltierbrunnen";1937;Brunnen;Stein;Alfred Schuhmacher (1883-1981);Platzanlage Schweighofstrasse/Bachtobelstrasse (bei Schweighofstrasse 127);2680858.129;1245751.533;8.50892568628171;47.3576520946906;kir4047
"Akrobat mit Hund";1955;Freiplastik;Bronze (Plastik), Beton (Sockel);Emilio Stanzani (1906-1977);Grünanlage Heiligfeld (bei Badenerstrasse 435);2680481.115;1248216.232;8.50437890223675;47.3798643632934;kir3714
"Amberger Engel";um 1904;Freiplastik;Stein;Louis Wethli (1842-1914);Friedhof Sihlfeld A, Feld B, Grab 81454 (bei Aemtlerstrasse 151);2680815.978;1247569.451;8.50869592108008;47.3740066069731;kir3551
[Bronzeplastik];1972;Freiplastik;Bronze (Plastik), Beton (Sockel);Peter  Storrer (*1928);Friedhof Sihlfeld D (bei Gutstrasse 206);2680244.149;1247866.121;8.50117854305235;47.376744569757;kir3136
[Brunnen "Engel auf Globus I"] (zweiteiliges Werk);1927;Brunnen;Bronze (Plastik), Stein (Brunnen);Otto Kappeler (1884-1949);Friedhof Sihlfeld A (bei Aemtlerstrasse 114);2681019.766;1247653.572;8.51140913373503;47.3747381175274;kir4331
[Brunnen "Kniendes Mädchen"];1945 (platziert 1946);Brunnen;Stein;Hedwig Braus (1900-1989);Platzanlage Werdstrasse (bei Werdstrasse 140);2681932.478;1247042.762;8.52338104355499;47.3691320030027;kir3676
[Brunnen mit "wasserspeiendem Schwan"] (fünfteiliges Werk);ca. 1930;Brunnen;Bronze (Wasserspeier), Stein (Brunnen);Emil Schäfer (1878-1958);Idaplatz (bei Idaplatz 4/Zurlindenstrasse 8);2681257.276;1247604.547;8.51454471414438;47.3742679700426;kir4346
[Brunnen Triemliplatz];1969 (platziert 1970);Brunnen;Beton;Franz Purtschert (1925-1981);Triemliplatz (bei Birmensdorferstrasse 507);2679844.313;1246886.986;8.49571011766752;47.3679873430154;kir3874
[Brunnentrog mit Relief "Fischfang"];1925 (platziert 1927);Brunnen;Segheria-Granit (Trog), Iragna-Granit (Sockel);Eduard Bick (1883-1947), Hermann Herter (1877-1945);Brupbacherplatz (bei Zentralstrasse 105);2681439.614;1247576.48;8.51695362350991;47.3739930421355;kir3620
"Der Erzähler";1931;Brunnen;Segheria-Granit;Otto Münch (1885-1965);Platzanlage Meinrad-Lienert-Strassse/Seebahnstrasse (bei Meinrad-Lienert-Strasse 10);2681569.208;1247638.897;8.51868071374698;47.3745383542537;kir2857
"Die Kniende";1916;Bauplastik;Stein;Otto Kappeler (1884-1949);Friedhof Sihlfeld D I (bei Albisriederstrasse 31);2680617.296;1247934.412;8.50613126372035;47.3773131915966;kir2889
"Engel mit Urne";1950;Bauplastik;Stein;Franz Fischer (1900-1980);Friedhof Sihlfeld D (bei Albisriederstrasse 31);2680450.083;1247843.674;8.50390105021215;47.3765175835699;kir3688
Erwachende;1945 (platziert 1946);Freiplastik;Sandstein;Louis Conne (1905-2004);Friedhof Sihlfeld C (bei Aemtlerstrasse 176);2680717.299;1247805.22;8.50743200653502;47.376139071478;kir2898
Figur I (Sonnenstein);1959 (platziert 1965);Freiplastik;Granit;Hans Aeschbacher (1906-1980);Friedhof Sihlfeld E (bei Goldbrunnenstrasse 175);2680617.873;1247658.584;8.50608922311808;47.3748324841045;kir3722
"Grabdenkmal Henri Dunant";1930 (platziert 1931);Freiplastik;Stein;Hans Gisler (1889-1969);Friedhof Sihlfeld D I, Grab Nr. 81268 (bei Albisriederstrasse 31);2680633.376;1247953.114;8.50634753248258;47.3774794188979;kir2855
Ikarus;1960-1961 (platziert 1964);Bauplastik;Eisen;Silvio Mattioli (1929-2011);Friedhof Sihlfeld E (bei Goldbrunnenstrasse 175);2680735.28;1247543.655;8.50762289214663;47.373784504683;kir4118
[Kauernder Mann, kauernde Frau];ca. 1916;Bauplastik;Stein;Hans Markwalder (1882-1951);Friedhof Sihlfeld D (bei Albisriederstrasse 31);2680693.902;1247954.896;8.50714922144834;47.3774880356355;kir2976
"Kratzbrunnen";1632 (versetzt 1919);Brunnen;Stein;Hans Peter Albrecht, Hans Gisler (1889-1969);Fritschiwiese (bei Fritschistrasse 8 / Zypressenstrasse 36);2681130.084;1247875.597;8.512909916952;47.3767213060898;kir4319
"Liegender" (zweiteiliges Werk);1927/1986;Brunnen;Stein;Julius Schwyzer (1876-1929), Hermann Herter (1877-1945), Joseph von  Wyl;Bahnhof Wiedikon (bei Birmensdorferstrasse 80);2681920.077;1247292.793;8.52326263154936;47.371382175527;kir2836
[Ohne Titel];ca. 1980;Freiplastik;Bronze;KünstlerIn nicht bekannt;Grünanlage Aemtlerschulhaus B (bei Bertastrasse 50);2681003.218;1247604.667;8.51118119867762;47.3743003289594;kir3142
[Pergola mit Windspiel];ca. 1955;Installation;Kupfer (Windspiel)  Eisen, Holz (Pergola);Eugen Häfelfinger (1898-1979 ), Alfred Trachsel (1920-1995);Grünanlage Heiligfeld (bei Badenerstrasse 435);2680504.927;1248213.256;8.50469365338627;47.3798346899047;kir2972
"Pilgerbrunnen";1991;Brunnen;Bolinger Sandstein;Afra Fehr;Wohnsiedlungen Heiligfeld/Brahmshof (bei Brahmsstrasse 42);2680623.41;1248084.849;8.50623931260337;47.3786653857529;kir3825
[Relief];1952 (platziert 1965);Bauplastik;Bronze;Hans Josephson (1920-2012);Friedhof Sihlfeld E (bei Aemtlerstrasse 151);2680710.971;1247497.022;8.5072926538318;47.3733680921948;kir3698
[Relief];1957-1965;Freiplastik;Bronze (Relief), Beton (Stele);Otto Müller (1905-1993);Friedhof Sihlfeld E (bei Goldbrunnenstrasse 175);2680828.93;1247467.466;8.50884897990519;47.373087824233;kir3708
"Springer";1954 (platziert 1955);Freiplastik;Bronze (Plastik), Metall (Stele), Stein (Sockel);Emilio Stanzani (1906-1977);Sportanlage Sihlhölzli (bei Manessestrasse 1);2682246.924;1247023.883;8.52754019091459;47.36892304735;kir4421
[Stehendes Mädchen];1929-1939 (ersetzt 1953);Freiplastik;Bronze (Plastik), Beton (Sockel);Otto Müller (1905-1993);Sportanlage Sihlhölzli (bei Manessestrasse 46);2682014.046;1246802.581;8.5244168398514;47.3669618100704;kir3621
[Stele Sonnenstern];nicht bekannt;Freiplastik;Stein (Stele), Metall (Sonne/Stern);Emil Schäfer (1878-1958);Friedhof Sihlfeld D (bei Gutstrasse 206);2680252.969;1247795.299;8.50128262054749;47.3761065631795;kir4351
[Zwei Brunnen mit Sitzbänken und je einer Figur "Mädchen" und "Jüngling"];1912 (platziert 1913);Brunnen;St. Tryphon Marmor, Hartsandstein;Arnold Hünerwadel (1877-1945);Friedhof Sihlfeld, Haupteingang (bei Aemtlerstrasse 151);2680949.374;1247745.536;8.51049381963086;47.3755738391364;kir3885
Bänkelsängerbrunnen;1967;Brunnen;Bronze (Plastik), Stein (Stele, Brunnentrog);Ernst  Hebeisen (1919-2007);Wohnkolonie Hardau (bei Hardstrasse 35);2681002.324;1248176.996;8.51127294156415;47.3794476277487;kir3746
[Brunnen mit wasserspeiender Dogge];1929;Brunnen;Bronze (Plastik), Segheria-Granit (Brunnentrog);Hans Markwalder (1882-1951), Luigi Zanini (1896-1968);Albisriederplatz (bei Badenerstrasse 355);2680887.523;1248050.036;8.5097299682309;47.3783199283044;kir3576
Y;2009-2011;Freiplastik;Polymethylmethacrylate PMMA, LED-Leuchtmittel, Stahl, Kunststoff;Sislej Xhafa (*1970), Iso Asani, Frederic Levrat;Hardaupark (bei Badenerstrasse 378a);2680864.682;1248194.978;8.50945373616878;47.3796262541748;kir4366
[Brunnen];1916;Brunnen;Stein;Hans Markwalder (1882-1951);Vorplatz Bezirksgebäude (bei Badenerstrasse 90);2682077.053;1247625.283;8.52540172124968;47.374352857439;kir3597
[Brunnen "Mädchen mit Vogel"];1933 (platziert 1934);Brunnen;Bronze (Plastik), Castione-Granit (Brunnentrog);Luigi Zanini (1896-1968);gegenüber Sihlpost (bei Kasernenstrasse 95);2682840.046;1247926.036;8.53555881119514;47.3769621622983;kir3636
[Brunnen mit Stele und Relief "Mädchen mit Garbe"];1952;Brunnen;Stein;Idy Latscha (1897-1979 );Sportplatz (bei Feldstrasse 39);2681746.091;1247812.897;8.5210542973251;47.3760812858161;kir3674
Denkmal der Arbeit;1952-1957 (platziert 1964);Freiplastik;Bronze (Figurengruppe), Stein (Sockel);Karl Geiser (1898-1957);Helvetiaplatz (bei Ankerstrasse/Bäckerstrasse);2682197.419;1247796.194;8.52702666054073;47.3758749229261;kir3696
[Fuchs];ca. 1975;Freiplastik;Bronze (Plastik), Beton (Sockel);Uli Schoop (1903-1990);vor Kollerhof, Kreisgebäude 4 (bei Hohlstrasse 35);2682159.348;1247943.442;8.52654964447194;47.3772039290584;kir2967
[Kandelaber];ca. 1916;Bauplastik;Bronze, Eisen;KünstlerIn nicht bekannt;Vorplatz Bezirksgebäude (bei Badenerstrasse 90);2682110.035;1247601.788;8.52583406789429;47.3741374486494;kir3600
Kosmische-Granit-Pyramide;1984 (platziert 1990);Installation;Stein;Paul Sieber (*1942);Grünanlage Schulhaus Kanzlei (bei Kanzleistrasse 56);2682141.216;1247775.765;8.5262788054829;47.3756982056362;kir2905
Kugellager oder runde Steine (II) (dreiteiliges Werk);2007;Installation;Metallplatten;Lawrence Weiner (*1942);Helvetiaplatz (bei Stauffacherstrasse 94);2682153.453;1247826.945;8.52645021193337;47.3761569616473;kir3832
Olivia-Brunnen;1992;Brunnen;Stein;Paul Sieber (*1942);Grünanlage Schulhaus Kanzlei (bei Kanzleistrasse 56);2682124.265;1247775.614;8.52605435382664;47.375698960513;kir2959
Zahlenzug;2003;Installation;Stein;Paul Sieber (*1942);Seebahnstrasse/Badenerstrasse (bei Seebahnstrasse 185);2681571.073;1247731.034;8.51872219574473;47.3753667485243;kir3181
"Zebragruppe";1940 (platziert 1942);Freiplastik;Bronze (Plastiken), Stein (Sockelplatten);Rudolf Wening (1893-1970);Bäckeranlage (bei Hohlstrasse 67);2681937.957;1248027.25;8.52363378184255;47.3779852149373;kir3664
Befreiung;1958 (platziert 1962);Freiplastik;Bronze;Werner Friedrich Kunz (1896-1981);Werdplatz (bei Strassburgstrasse 5/9);2682351.653;1247412.448;8.52899805803335;47.372404488133;kir3713
Frau 1928;1928 (platziert 1999);Freiplastik;Bronze;Alis Guggenheim (1896-1958);Grünanlage Badenerstrasse/Zweierstrasse (bei Badenerstrasse 65);2682207.515;1247513.802;8.52710846440749;47.3733340019935;kir2838
[Gestaltung Werdplatz (Brunnen, Geländer)];1982-1983;Gestaltung;Bronze, Stein;Trudi Demut (1927-2000);Werdplatz (bei Strassburgstrasse 5);2682371.042;1247404.18;8.52925322266566;47.3723277074106;kir3812
[Vier Löwen auf Pfeilern];ca. 1900;Freiplastik;Bronze (Plastik), Stein (Pfeiler);Urs  Eggenschwyler (1849-1923);Stauffacherbrücke (bei Stauffacherstrasse 1);2682471.252;1247272.054;8.53055553382464;47.3711269125162;kir3555
[Wandbrunnen mit Broncekopf];nicht bekannt;Bauplastik;Bronze (Wasserspeier), Kalkstein (Brunnen);Emil Abry (1901-1982);Grüngasse/Cramerstrasse (bei Cramerstrasse 1);2682111.626;1247474.543;8.52583179020152;47.3729928858411;kir4393
Anne-Sophie;2014;Freiplastik;Chromstahl;Alex Hanimann  (*1955);Zürich-West (bei Pfingstweidstrasse 102);2680872.898;1249431.521;8.50978601961433;47.3907459575963;kir4385
Ca-Tarac-Ta;2012 (platziert 2015);Brunnen;Metall;Valentin Carron (*1977);Parkanlage Förrlibuckstrasse/Pfingstweidstrasse (bei Pfingstweidstrasse 102a);2680852.108;1249526.148;8.50952779316332;47.3915995254337;kir4386
[Brunnen];1991;Brunnen;Stein;Willy Wimpfheimer (*1938);Vorplatz Unterführung Langstrasse (bei Langstrasse 175);2682328.032;1248465.65;8.52887907582084;47.3818792860046;kir3440
[Brunnen mit "Schwan"];1933 (platziert 1934);Brunnen;Bronze;Carl Fischer (1888-1987);Grünanlage Museum für Gestaltung (bei Ausstellungsstrasse 60);2682926.301;1248556.662;8.53681767039484;47.38262275927;kir3627
[Brunnen mit "Taube"];1925 (platziert 1928);Brunnen;Bronze (Plastik), Stein (Brunnen);Otto Münch (1885-1965);Josefswiese, Nähe Viaduktstrasse (bei Josefstrasse 197);2681862.181;1248944.327;8.5227982634171;47.3862422525005;kir3617
[Brunnen mit "wasserspeiendem Schwan"] (fünfteiliges Werk);1933;Brunnen;Bronze (Wasserspeier), Stein (Brunnen);Emil Schäfer (1878-1958);Limmatplatz (bei Limmatplatz 3);2682536.203;1248783.479;8.53169411174182;47.3847115909129;kir4349
Division;1991;Freiplastik;Granit Africa Nero;Gottfried Honegger (1917-2016);Limmatstrasse/Röntgenstrasse (bei Limmatstrasse 217);2682198.971;1249096.355;8.52728603118525;47.3875675588826;kir3423
Goldbarren;1999;Installation;Eisen, verzinkt (Geländer)  Stein, verputzt (Mauer)  Farbe;Thomas Müllenbach (*1949);ehem. Drahtseiltransmissionsanlage Sihlquai (bei Sihlquai 57);2682533.171;1248981.92;8.53169056733518;47.3864966206225;kir3429
Hände über der Stadt;1981 (platziert 1983);Freiplastik;Stein;Paul Sieber (*1942);Carparkplatz am Sihlquai (bei Limmatstrasse 23);2682935.229;1248370.129;8.53690131747971;47.3809440780398;kir3808
Kugellager oder runde Steine (I) (dreiteiliges Werk);2007;Installation;Metall, Asphalt;Lawrence Weiner (*1942);Traminsel Limmatplatz (bei Limmatplatz 3);2682541.39;1248770.746;8.53176044804702;47.3845964286755;kir3831
Ljmmat Sjhl: Hommage à James Joyce;2004;Installation;Eisenblech (Schriftzug), Eisen (Aufhängung);Hannes Vogel (*1938), Petruschka Vogel (*1943);Stützmauer Platzpromenade (bei Sihlquai 65/Mattensteg);2683057.21;1248547.541;8.53854937778513;47.3825242406888;kir2870
"Sitzende Frau";1934-1936;Freiplastik;Bronze (Plastik), Stein (Sockel);Thomas Ernst Gubler (1895-1958);Museum für Gestaltung (bei Ausstellungsstrasse 60);2682862.14;1248582.955;8.5359729662637;47.3828672941893;kir3642
"Sitzende Jünglinge";1929 (platziert 1930);Brunnen;Bronze (Plastiken), Stein (Sockel und Brunnen);Otto Kappeler (1884-1949);Klingenpark (bei Ausstellungsstrasse 60);2682810.877;1248536.818;8.53528563772437;47.3824588131741;kir2848
Übertragung;2007;Installation;Glas, Metall (Kasten)  Monitor  Videofilm;Harun Farocki (1944-2014);Limmatplatz (bei Limmatplatz 3);2682538.764;1248776.422;8.53172672219757;47.3846478039595;kir3918
[Wandbrunnen "drei musizierende Knaben"];1929;Brunnen;Muschelkalk;Adolf Ernst Hofmann (1885-1963);Röntgenplatz (bei Josefstrasse 161/Fabrikstrasse 44);2682137.038;1248819.61;8.5264150772155;47.3850864165129;kir2847
[Brunnen];1925;Brunnen;Stein;Otto Münch (1885-1965);Letzistrasse/Möhrlistrasse (bei Letzistrasse 9);2683621.535;1249545.127;8.54620818327943;47.3914244719793;kir3293
[Brunnen mit drei Pinguinen];1934;Brunnen;Kalkstein;Emil Abry (1901-1982);Platzanlage Hadlaubstrasse/Rigistrasse (bei Hadlaubstrasse 75);2684025.444;1249001.638;8.55145523994474;47.3864853083293;kir4111
[Brunnen mit Flachrelief "Liegender"];1915;Brunnen;Mägenwiler Naturstein (Relief), Kunststein (Trog);Hans Markwalder (1882-1951);Germaniastrasse/Batteriesteig (bei Germaniastrasse 103);2684187.429;1249147.974;8.55362781192099;47.3877806731693;kir3596
[Brunnen Rigiplatz];2003;Brunnen;Metall (Wasserspeier), Stein (Brunnentrog);Edith Kappeler (*1952);Rigiplatz (bei Universitätsstrasse 105/111);2683767.101;1248802.451;8.54799691821021;47.3847268547898;kir3023
"Liegende" (zweiteiliges Werk);1919-1929;Brunnen;Würenloser Kalkstein, Iragna-Granit;Julius Schwyzer (1876-1929), Louis Wethli (junior) (1867-1940);Stolzewiese (bei Stolzestrasse 9);2683648.395;1249036.733;8.54646884185941;47.386848912442;kir3577
[Zwei Reliefs an Brunnenanlage];1912;Brunnen;Stein;Karl Joseph Leuch (1871-1913);Blümlisalpstrasse/Möhrlistrasse (bei Blümlisalpstrasse 22);2683758.318;1249171.239;8.54794965567806;47.3880446014757;kir4334
[Amphore im Beckenhof];nicht bekannt;Freiplastik;Stein;KünstlerIn nicht bekannt;Beckenhof (bei Beckenhofstrasse 37);2683201.574;1248863.144;8.54051961988472;47.385344351425;kir4425
Artisten;1971 (platziert 1972);Freiplastik;Eisen;Kurt Laurenz Metzler (*1941);Bucheggplatz (bei Hofwiesenstrasse 114);2682675.318;1250278.708;8.53381259194759;47.3981412403493;kir3777
"Bambibrunnen";1930 (platziert 1931);Brunnen;Bronze (Plastik), Segheria-Granit (Brunnen);Arnold Huggler (1894-1988);Platzanlage Winterthurerstrasse/Langmauerstrasse (bei Winterthurerstrasse 123);2683506.742;1249783.48;8.54473242711206;47.3935826172723;kir2950
[Brunnen];nicht bekannt;Brunnen;Stein;Johann Babtist Babel (1716-1799);Beckenhof (bei Beckenhofstrasse 37);2683175.142;1248790.8;8.54015616079039;47.3846970748328;kir3858
[Brunnen "Dogge mit Zürcher Wappen];1928 (platziert 1929);Brunnen;Stein;Emil Schäfer (1878-1958), Luigi Zanini (1896-1968);Irchelstrasse/Winterthurerstrasse (bei Irchelstrasse 48);2683536.728;1250038.106;8.54517711747038;47.3958687444596;kir4365
[Brunnen mit Fischrelief];1930;Brunnen;Granit;Alfons Magg (1891-1967);Platzanlage Stampfenbachstrasse/Beckenhofstrasse (bei Beckenhofstrasse 1);2683283.262;1248587.705;8.54155005966049;47.3828569130194;kir4374
[Brunnen mit Kinderfigur];1946;Brunnen;Stein;Otto Teucher (1899-1994);Wehntalerstrasse/Oberwiesenstrasse (bei Oberwiesenstrasse 1);2682428.233;1251336.807;8.53073497383616;47.4076880165252;kir4379
[Brunnen mit Plastik "Falke"];1940;Brunnen;Bronze (Plastik), Stein (Sockel, Brunnen);Hans Gisler (1889-1969), Emil Schäfer (1878-1958);Grünanlage Ringstrasse/Allenmoos (bei Hofwiesenstrasse 250);2682968.941;1251144.8;8.53786236901915;47.4058933409325;kir2926
[Brunnen mit Rundbogen];1941;Brunnen;Eisen, verzinkt  Stein;Ida Schär-Krause (1877-1957);Friedhof Nordheim (bei Nordheimstrasse 32);2682342.016;1251251.567;8.52957711263971;47.4069322141482;kir4352
[Brunnen mit Seepferdchen];1930;Brunnen;Bronze (Plastik), Granit (Brunnentrog, Sockel);Eduard Bick (1883-1947);Platzanlage Im Hofgarten (bei Hofgartenstrasse 50/56);2682899.692;1249927.021;8.53671926595091;47.3949502065045;kir2925
[Brunnen mit "wasserspeiendem Schwan"] (fünfteiliges Werk);1933;Brunnen;Bronze (Wasserspeier), Stein (Trog);Emil Schäfer (1878-1958);Riedtlistrasse/Kinkelstrasse (bei Kinkelstrasse 40);2683464.17;1249123.666;8.54404549703285;47.3876540955492;kir4348
[Brunnen mit zwei Frauenfiguren];1927;Brunnen;Muschelkalk;Otto Kappeler (1884-1949);Grünanlage Wohnkolonie Im Birkenhof (bei Guggachstrasse 3- 9);2683093.871;1249969.684;8.53929896197399;47.3953094209799;kir2946
[Brunnenanlage mit "Faun auf Schnecke reitend"];1919;Brunnen;Stein;Johann Jakob Wilhelm Schwerzmann (1877-1966);Riedtlisiedlung (bei Stolzestrasse 42/46);2683492.934;1249259.058;8.544451672079;47.3888680748083;kir4001
[Brunnenbecken ];1956;Brunnen;Bodio-Granit;Jacques Schader (1917-2007);Bucheggplatz (bei Bucheggplatz 1);2682600.071;1250284.253;8.53281695940536;47.3982005491906;kir3447
[Brunnenrückwand mit Steinrelief "Zwei Köpfe"];1941;Brunnen;Stein;Franz Fischer (1900-1980);Friedhof Nordheim, Feld 9 (bei Nordheimstrasse 28);2682271.112;1251258.593;8.52863911671178;47.4070042628383;kir4318
"Büeblibrunnen";1910 (versetzt 1956);Brunnen;Bronze (Plastik, Wasserspeier), Stein (Brunnentrog);Franz Wanger (1880-1945);Weinbergstrasse/Sonneggstrasse (bei Weinbergstrasse 68/70);2683443.961;1248610.943;8.54368225802931;47.3830455666033;kir3582
"Das Mädchen";1954;Freiplastik;Italienischer Kalkstein;Otto Teucher (1899-1994);Treppenaufgang Obstgartensteig (bei Stampfenbachstrasse/Obstgartensteig);2683297.84;1248572.517;8.54174026423552;47.3827184791351;kir3710
Der Brunnen;2002-2003;Brunnen;Beton;L / B (*1972 / *1967);Schaffhauserplatz (bei Schaffhauserstrasse 57 );2683052.807;1249600.819;8.53868660233236;47.3919972794955;kir3563
"Die Trauer";1941;Freiplastik;Kalkstein;Franz Fischer (1900-1980);Friedhof Nordheim, Feld 15 (bei Nordheimstrasse 32);2682184.511;1251274.207;8.5274947529941;47.4071554974961;kir4317
[Frauenfigur];nicht bekannt;Freiplastik;Stein;KünstlerIn nicht bekannt;Friedhof Nordheim (bei Nordheimstrasse 24);2682514.472;1250949.573;8.53180595781602;47.4041947066779;kir4227
"Hofbrunnen";um 1790/2008;Brunnen;Stein;KünstlerIn nicht bekannt, Gregor Frehner (*1959);Beckenhof  (bei Beckenhofstrasse 31-35);2683245.588;1248841.402;8.54109840515264;47.3851432581625;kir2800
[Kranich];1941;Brunnen;Bronze (Plastik), Stein (Trog);Ernst Dallmann (1889-1947 );Friedhof Nordheim (bei Nordheimstrasse 24);2682506.594;1250951.933;8.53170203624721;47.4042169178733;kir4113
[Löwenfamilie];nicht bekannt;Freiplastik;Bronze;KünstlerIn nicht bekannt;Aufgang Turnhalle Riedtli (bei Röslistrasse 14);2683322.159;1249157.034;8.54217113025425;47.3879721619706;kir3998
[Monumentalbrunnen mit Steinrelief und Sitzbänken];1910;Brunnen;Mägenwiler Muschelkalk;Arnold Hünerwadel (1877-1945);Aufgang Kirche Unterstrass (bei Weinbergstrasse, ca. 70m nach Nr. 117);2683249.438;1249062.16;8.54119046226721;47.3871281224748;kir3571
"Pantherbrunnen";1934 (platziert 1935);Brunnen;Bronze (Plastik), Andeer-Granit (Sockel, Trog);Hans Gisler (1889-1969), Emil Schäfer (1878-1958);Platzanlage Tiefenbrunnen (bei Badstrasse 3);2684694.673;1245147.144;8.55958809651767;47.3517347896113;kir2892
"Rhythmus" (auch bekannt als "SAFFA-Figur");1958 (platziert 1964);Freiplastik;Bronze;Hildi Hess (1911-1998);Casino Zürichhorn (bei Bellerivestrasse 168);2684196.212;1245271.877;8.55301513018244;47.3529204182923;kir3717
Rudolf-Koller-Gedenkstein;1964 (platziert 1965);Freiplastik;Sandstein;Alfons Hörmann, Hans Stocker;Zürichhorn beim Kasino (bei Bellerivestrasse 170);2684272.749;1245239.623;8.55402194125777;47.3526205647431;kir4324
Schweizerpsalm-Denkmal;1907 (platziert 1910);Brunnen;Kupfer, Stein;Franz Wanger (1880-1945);Zürichhorn (bei Bellerivestrasse 150);2684118.547;1245373.491;8.55200640438565;47.3538441896913;kir3573
Sheep Piece;1971-1972 (platziert 1976);Freiplastik;Bronze  Zweitguss;Henry Moore (1898-1986);Hafen Riesbach (bei Seefeldquai/Klausstrasse );2683817.464;1245813.678;8.54810421539859;47.3578413232464;kir3775
Sitzende;1934 (platziert 1951);Freiplastik;Bronze (Plastik), Muschelkalk (Sockel);Hermann Hubacher (1885-1976);Blatterwiese (bei Bellerivestrasse 138);2683980.76;1245502.931;8.55020718721236;47.3550258650479;kir3630
[Weiblicher Torso];1930;Freiplastik;Stein;Eduard Bick (1883-1947);Zürichhorn bei Fischerstube (bei Bellerivestrasse 160);2684140.401;1245329.24;8.55228731022769;47.3534434333024;kir4394
[Brunnen "Kleiner Bär auf Sockel"];1933;Brunnen;Segheria-Granit;Hans Markwalder (1882-1951);Weineggstrasse/Kartausstrasse (bei Weineggstrasse 80);2685330.645;1245778.607;8.56812453271848;47.3573317582617;kir3553
[Flötenspielender Knabe];nicht bekannt;Freiplastik;Bronze;Walter Scheuermann  (1891-1971);Friedhof Enzenbühl, Feld J1 (bei Forchstrasse 384);2686381.117;1245054.878;8.58188783134325;47.3506861745692;kir4353
[Mädchentorso];1952 (platziert 1961);Freiplastik;Kalkstein (Skulptur), Beton (Sockel);Heinrich Martens (1896-1986);Neumünsteranlage (bei Neumünsterstrasse 10);2684656.12;1246183.095;8.55927370098284;47.3610564506707;kir3842
"Weibliche Figur 'Assia'";1960;Freiplastik;Bronze (Plastik), Stein (Sockel);Arnold Huggler (1894-1988);Platzanlage Forchstrasse/Enzenbühlstrasse (bei Forchstrasse 376);2686204.367;1245080.331;8.57955375625641;47.3509382200564;kir3008
[Brunnen "Kniende weibliche Figur"];1947;Brunnen;Stein;Carl Fischer (1888-1987);Platzanlage Altstetterstrasse/Untermoosstrasse (bei Altstetterstrasse 290);2678868.822;1248019.572;8.48299635035911;47.378290674956;kir3940
[Brunnen "Mädchen mit Hund"];1936;Brunnen;Bronze (Plastik), Osogno-Granit (Brunnen, Sockel);Adolf Ernst Hofmann (1885-1963), Emil Schäfer (1878-1958);Parkanlage (bei Albisriederstrasse 207);2679810.246;1248123.817;8.495479662398;47.3791148387027;kir3652
[Brunnen mit drei Pinguinen];1932;Brunnen;Bronze (Plastik), Segheria-Granit (Brunnentrog und Sockel);Alfred Schuhmacher (1883-1981);Fellenbergstrasse/Letzigraben (bei Fellenbergstrasse 228);2679854.789;1247617.77;8.49597914894703;47.3745583420209;kir3623
Elisabeth;2010;Freiplastik;Stahl;Jürg Altherr (*1944);Friedhof Albisrieden, Gemeinschaftsgrab (bei Untermoosstrasse 30);2678754.35;1248172.893;8.48150768389156;47.3796832513604;kir3412
[Frosch];1953;Freiplastik;Stein;Uli Schoop (1903-1990);Kinderspielplatz Sonnenhalde (bei Bergwiesen 51, Nähe Rosshalde);2679266.61;1246974.598;8.48807814563791;47.3688450158573;kir4179
Kugelfluss;1994;Installation;Tessiner-Granit;Beat Bösiger (*1960);Wohnsiedlung In der Ey (bei In der Ey 22);2679361.262;1247499.122;8.48942412667911;47.3735509095645;kir2850
[Schwertblatt];1957 (platziert 1963);Freiplastik;Eisen, verzinkt (Plastik)  Beton (Sockel);Arnold Zürcher (1904-1994);Stadtgärtnerei (bei Sackzelg 25-27);2680134.384;1247806.319;8.49971455977163;47.3762201027973;kir3720
[Spielplastik "Trio"];1959;Freiplastik;Beton  Zweitguss;Elsy  Wirz (1915-1985);Kinderspielplatz Bachwiesen (bei Bachwiesenstrasse 32);2679091.115;1248264.879;8.48598292876492;47.3804701843927;kir3723
Windrechen;2010;Installation;Stahl;Jürg Altherr (*1944);Friedhof Albisrieden, Gemeinschaftsgrab (bei Untermoosstrasse 30);2678751.644;1248152.95;8.48146834542757;47.3795042184527;kir4186
[Brunnen mit liegender Gestalt];1991;Brunnen;Kalkstein;Graf & Hoeck;Spielplatz vor Kirche Heilig Kreuz (bei Saumackerstrasse 85c);2679235.105;1248688.001;8.4879643970361;47.3842582027918;kir3826
[Brunnen mit Plastik "Frosch"];1933;Brunnen;Bronze (Plastik), Stein (Sockel, Brunnen);Salvatore Francesco Romerio (1885-1943);Eugen-Huber-Strasse/Friedhofstrasse (bei Eugen-Huber-Strasse 41);2678711.976;1248884.518;8.48107179598453;47.3860882711482;kir3615
[Brunnenschale];1953;Brunnen;Tessiner-Granit;Ernst Zietzschmann (1907-1991);Grünanlage Eugen Hubertstrasse/Girhaldenstrasse (bei Eugen Hubertstrasse 70);2678393.69;1249038.362;8.47688392296986;47.3875098069927;kir4370
Fünf Brunnen (I) (fünfteiliges Werk);1981;Brunnen;Cristallina-Marmor;Charlotte Germann-Jahn (1921-1988);Fischerweg (bei Tüffenwies 42);2679227.097;1250256.821;8.48813620171669;47.3983682001328;kir4123
Fünf Brunnen (II) (fünfteiliges Werk);1981;Brunnen;Cristallina-Marmor;Charlotte Germann-Jahn (1921-1988);Sportanlage Hardhof (bei Meierwiesenweg 8);2679585.607;1249852.969;8.49281290679317;47.3946929837492;kir3123
Fünf Brunnen (III) (fünfteiliges Werk);1981;Brunnen;Cristallina-Marmor;Charlotte Germann-Jahn (1921-1988);Sportanlage Hardhof (bei Hardhof 44);2679852.328;1249959.729;8.49636451615929;47.3956208379003;kir3124
Fünf Brunnen (IV) (fünfteiliges Werk);1981;Brunnen;Cristallina-Marmor;Charlotte Germann-Jahn (1921-1988);Grünanlage Hardhof (bei Pfingstweidstrasse 51);2680192.645;1249810.569;8.50084513015454;47.3942380422876;kir3125
Fünf Brunnen (V) (fünfteiliges Werk);1981;Brunnen;Cristallina-Marmor;Charlotte Germann-Jahn (1921-1988);Fischerweg (bei Hardhof 19);2680126.659;1250161.709;8.50003410151059;47.3974040056293;kir4230
Funktionär;nicht bekannt;Installation;Holz;Max Ramp (1937-2006);Tramendstation Hardturm (bei Hardturmstrasse 421);2680268.68;1249811.547;8.50185233119551;47.3942375768098;kir4066
IBM-Stengel;1990-1991;Freiplastik;Eisen (Plastik), Beton (Sockel);Bernhard Luginbühl (1929-2011);Grünanlage vor Bahnhof Altstetten (bei Altstetterplatz 11);2679266.755;1249455.587;8.48851949201028;47.3911576149562;kir3727
"Knabe mit Aal";1937;Brunnen;Bronze (Plastik), Segheria-Granit (Brunnentrog);Otto Heinrich Schilt (1888-1943);Luggwegstrasse/Badenerstrasse (bei Luggwegstrasse 40);2679445.856;1249002.989;8.49081104339822;47.3870656416642;kir3653
[Sitzendes Mädchen mit Turban];1932 (platziert 1946);Brunnen;Bronze (Plastik), Castione-Granit (Brunnen und Sockel);Estrid Christensen (1884-1968);Platzanlage Friedhofstrasse/Girhaldenstrasse (bei Friedhofstrasse 84);2678267.011;1248624.668;8.47513399765178;47.3838043362253;kir3678
Sunrise;1974;Freiplastik;Glasfaserverstärktes ungesättigtes Polyester, Stahl, Beton;Annemie Fontana (1925-2002);Grünanlage Hardhof (bei Hardhof 19);2680103.318;1249975.772;8.49969164791864;47.3957346438909;kir4065
[Trinkwasserbrunnen];1971;Brunnen;Bronze (Wasserspeier), Castione-Naturstein (Brunnentrog);Walter Thomas Casanova (1918-1999);Stampfenbrunnenstrasse/Rautistrasse (bei Rautistrasse 284);2678463.264;1248751.886;8.47775502794328;47.3849251211048;kir4372
Wasserspiel;1975 (platziert 1977);Brunnen;Spritzbeton aus Weisszement und Marmorsand;Heinz Niederer (*1942);Grünanlage Hardhof (bei Hardturmstrasse 421);2680407.276;1249807.063;8.5036871227545;47.394180347051;kir3879
[Brunnen Badeplatz];1988;Brunnen;Nagelfluh-Findling;Paul Sieber (*1942);Flussbad Au-Höngg (bei Werdinsel 1a);2679345.253;1250361.485;8.48971978181373;47.399295260613;kir3376
[Brunnen mit geflügeltem Fisch];1949;Brunnen;Bronze, Stein;Otto Teucher (1899-1994);Friedhof Hönggerberg (bei Notzenschürlistrasse 30);2679538.874;1251520.688;8.49249060288779;47.4096970393955;kir4360
[Brunnen zur Eingemeidung];1984;Brunnen;Sardinien-Granit;Piero Tedoldi (*1945);Parkplatz Sportanlage Hönggerberg (bei Kappenbühlstrasse 74);2679718.574;1251478.21;8.49486371141276;47.4092932909426;kir3363
"Pietà";1941 (platziert 1950);Freiplastik;Cristallina-Marmor;Emilio Stanzani (1906-1977);Friedhof Hönggerberg (bei Notzenschürlistrasse 30);2679454.259;1251520.902;8.49136965231872;47.4097091785665;kir4058
[Platzgestaltung, Trinkbrunnen und Wasserspiel der Tramendstation Frankental];1986-1987;Brunnen;Metall, Stein;Hans Hunold (1939-2009);Tramendstation Frankental (bei Frankentalerstrasse 10);2678714.281;1251027.618;8.48147947562006;47.4053617586002;kir4071
[Tränkbrunnen];nicht bekannt (versetzt 1957);Brunnen;Kalkstein (Brunnen), Bronze (Rohr);Hans Jakob Meyer (1903-1981);Platzanlage Gsteigststrasse (bei Gsteigstrasse 18);2680107.176;1250760.803;8.49988336595279;47.4027942449159;kir4108
"Bär";1958;Freiplastik;Granit;Arnold Huggler (1894-1988);GZ Wipkingen, Spielplatz (bei Breitensteinstrasse 19a);2681645.341;1249664.39;8.52005823669867;47.3927449472852;kir4081
[Brunnen];1923;Brunnen;Stein;O. Zollinger (1886-1970);Spielplatz Landenberg (Kyburgstrasse/Landenbergstrasse);2682243.31;1249639.241;8.5279729972527;47.3924443868222;kir4371
[Brunnen "Quellennymphe mit Krug"];1928 (platziert 1930);Brunnen;Bronze, Stein, Messing;Werner Friedrich Kunz (1896-1981);Grünanlage Breitensteinstrasse/Hönggerstrasse (bei Hönggerstrasse 71);2681815.997;1249700.769;8.52232502763821;47.3930509421497;kir4079
[Ohne Titel];1955;Brunnen;Beton;KünstlerIn nicht bekannt;GZ Wipkingen, Spielplatz (bei Breitensteinstrasse 19a);2681630.872;1249670.638;8.51986775203101;47.3928029309492;kir3954
Rationierungsbrunnen;1919;Brunnen;Stein;Hochbauamt der Stadt Zürich, Hans Gisler (1889-1969), Joseph von  Wyl;Platzanlage vor Wohnkolonie "Schindelhäuser" (bei Trottenstrasse 15);2681895.345;1249904.183;8.52341314747852;47.3948704537081;kir4150
[Rotkäppchen];1945;Freiplastik;Stein;Uli Schoop (1903-1990);Grünanlage Landenberg (bei Zeunerstrasse 3);2682177.361;1249600.73;8.52709251146978;47.3921062748859;kir3878
"Zwei Löwen";1945;Freiplastik;Jura-Marmor;Arnold Huggler (1894-1988);Grünanlage Landenberg (bei Habsburgstrasse 15);2682181.218;1249580.684;8.52713990939469;47.3919255131732;kir3877
[Brunnenanlage mit "Pelikan"];1935;Brunnen;Bronze;Alfred Schuhmacher (1883-1981);Platzanlage Wenthalerstrasse/Regensbergstrasse (bei Regensbergstrasse 318);2682018.044;1251778.771;8.52538207308253;47.4117139444523;kir4014
[Brunnenbecken, Figurenpaar "Kinder" auf Stele];1965;Brunnen;Bronze (Plastik), Stein (Brunnen, Sockel);Susi Guggenheim-Weil (1921-2005);Siedlung Glaubten II (bei Glaubtenstrasse 93);2681234.916;1251817.51;8.51501379919424;47.4121594129358;kir4395
[Sitzende Frau mit Taube];1950-1951;Freiplastik;Stein;Uli Schoop (1903-1990);Friedhof Affoltern (bei Zehntenhausstrasse 90);2680763.273;1253081.008;8.50899349422774;47.4235804424577;kir3948
[Wappen von Affoltern];nicht datiert;Bauplastik;Sandstein;Uli Schoop (1903-1990);Friedhof Affoltern (bei Zehntenhausstrasse 90);2680730.812;1253157.916;8.50857723305909;47.4242760790745;kir4358
[Badende];1959 (platziert 1965);Freiplastik;Bronze;Hans Brandenberger (1912-2003 );Baumackeranlage (bei Baumackerstrasse 19);2683480.926;1251449.022;8.54470146120764;47.4085645891947;kir2936
Blauer Glasbalken;2001-2005;Installation;Glasbausteine, Beton, Leuchtstoffröhren;Christopher T. Hunziker (*1956);Wahlenpark (bei Otto-Schütz-Weg 1);2683232.434;1252244.954;8.54155772371462;47.4157540689689;kir4412
[Brunnen "Knabe mit Ball"];1944;Brunnen;Aluminium, Verzasca-Granit;Adolf Ernst Hofmann (1885-1963), Emil Schäfer (1878-1958);Spielwiese Waldgarten (bei Regensbergstrasse/Binzwiesenstrasse);2684306.259;1250997.718;8.5555500992556;47.4044007509687;kir4323
[Brunnen mit "Fuchs"];1937 (Brunnen), 1941 (Plastik);Brunnen;Bronze (Plastik), Stein (Brunnen, Sockel);Emil Schäfer (1878-1958), Arnold Huggler (1894-1988);Berninaplatz (bei Schaffhauserstrasse 248);2683713.823;1250852.66;8.54767514328515;47.4031717789558;kir4089
[Brunnenplastik "Mädchen mit Fisch, Knabe mit Hund"];1936;Brunnen;Bronze (Plastik), Stein (Trog);Hans Markwalder (1882-1951);Birchplatz (bei Birchstrasse 122);2682959.399;1251534.999;8.53780837448566;47.4094037122331;kir4027
Chad Silver;2005;Freiplastik;Bronze (Plastik), Beton (Sockel);Kurt Laurenz Metzler (*1941);Vorplatz Hallenstadion (bei Wallisellenstrasse 45);2683930.258;1251693.126;8.55069990273811;47.4107027627044;kir4010
"Der Läufer";1934 (zweite Fassung 1937);Freiplastik;Bronze (Plastik), Stein (Sockel);Franz Fischer (1900-1980), Emil Schäfer (1878-1958);Sportanlage Oerlikon (bei Föhrenstrasse 17/Hedegraben);2683264.056;1251208.686;8.54178366826351;47.4064306387029;kir2937
"Fischerbrunnen";1928/1976 (versetzt 2003);Brunnen;Bronze (Plastiken), Stein (Trog, Sockel);Franz Fischer (1900-1980);Franklinplatz (bei Franklinstrasse 28);2683405.118;1251589.461;8.54372338212708;47.4098372005151;kir4026
Max-Bill-Platz;2004-2006;Gestaltung;Föhren, Beton (Rundbänke), Betonplatten;Christoph Haerle (*1958), Sabina Hubacher (*1956), Zschokke Gioor, Schweingruber Zulauf;Max-Bill-Platz (Max-Bill-Platz);2683110.432;1252058.656;8.53990661436598;47.4140940542792;kir3109
Sirius;1969-1972 (versetzt 2012);Brunnen;Polyester;Annemie Fontana (1925-2002);Tramwendeschlaufe Messe/Hallenstadion (bei Wallisellenstrasse 45);2683920.941;1251709.856;8.55057961003679;47.4108544072692;kir3758
Stahlbau VHP;2003;Freiplastik;Cortenstahl;James Licini (*1937);Franklinplatz (bei Gubelhangstrasse 24);2683425.622;1251551.575;8.54398794896469;47.4094938843353;kir4025
Stilles Wasser (auch bekannt als Märchenbrunnen);2001-2005;Brunnen;Metall, Beton;Christopher T. Hunziker (*1956);Wahlenpark (bei Otto-Schütz-Weg 1-5);2683199.693;1252176.189;8.54111112046139;47.4151397859049;kir3434
"Die Schreitende";1958-1964 (platziert 1965);Freiplastik;Bronze;Nelly  Bär (1910-1975);Friedhof Schwandenholz (bei Seebacherstrasse 130);2682758.046;1252962.719;8.53540524229343;47.422268907423;kir3115
"Froschkönig";1938;Brunnen;Bronze (Plastik), Gneis (Trog);Otto Münch (1885-1965);Parkanlage Felsenrainstrasse/Schaffhauserstrasse (bei Schaffhauserstrasse 449);2683541.54;1252447.208;8.54569102844181;47.417533841345;kir4090
Leutschenlicht;2008;Gestaltung;Neonröhren, Plexiglas, Metall, Beton;Christopher T. Hunziker (*1956);Leutschenpark (bei Leutschenbachstrasse 71/75);2684332.692;1252457.013;8.55617556835893;47.4175211591915;kir4413
Mauer Nr. 3;1963 (platziert 1965);Installation;Kupfer;Zoltán  Kemény (1907-1965);Freizeitanlage Am Katzenbach/Freibad Seebach (Nähe Katzenbachstrasse 100);2683612.444;1253100.055;8.5467526630089;47.4233960440176;kir4095
[Ohne Titel];2003;Freiplastik;Holz;Josef Carisch (*1935);Binzmühlestrasse/Thurgauerstrasse (bei Andreasstrasse 15);2683851.257;1251964.088;8.54970411138898;47.4131496562098;kir4313
[Wappen Seebach];nicht datiert;Bauplastik;Keramik;KünstlerIn nicht bekannt;GZ Seebach (bei Hertensteinstrasse 20);2683450.564;1253210.337;8.54462812626055;47.4244083745385;kir3384
"Eisbär";1959;Freiplastik;Marmor;Marcel Wille (1910-1993);Kindergarten Grosswiesen I (bei Grosswiesenstrasse 110);2686680.492;1250820.158;8.58696610016551;47.40249569451;kir4002
[Brunnen mit Eule (auf Stele)];1949;Brunnen;Stein;Uli Schoop (1903-1990);Parkanlage Saatlenstrasse (bei Saatlenstrasse 240);2684890.251;1251647.943;8.56340948956045;47.4101733612305;kir4085
Bronze-Relieftafeln;1980 (platziert 1982);Bauplastik;Bronze;Peter Meister (1934-1999);Neuer Friedhof Schwamendingen (bei Stettbachstrasse 68-70);2685713.575;1250744.185;8.57414363896906;47.4019390060506;kir4037
[Spielplastik];1959;Freiplastik;Beton;Otto Müller (1905-1993);Freibad Auhof (bei Luegislandstrasse 160);2685501.239;1251447.806;8.5714656003847;47.4082944344678;kir4114
Wasserfeld;1986;Brunnen;Porphyr;Esther Gisler (*1945);Schwamendingerplatz (bei Schwamendingerplatz 1);2685576.31;1251049.38;8.5723838420574;47.4047015473262;kir3437
